timestamp,z_speed_kmh,z_rpm,z_coolant_c,z_engine_load_pct,z_oil_temp_c,z_runtime_min,z_throttle_pct,z_intake_air_c,z_maf_gps,z_fuel_rate_lph
2026-05-05 06:00:00,-0.07919,0.958613,-3.218661,2.199673,-2.698039,-1.2794,1.644917,0.780457,1.69882,1.793494
,,,,,,,,,,
2026-05-05 06:00:00,1.54865,1.295166,-0.550223,-0.259197,-1.757987,-1.126431,-0.089637,0.780862,0.909197,0.861247
2026-05-05 06:20:00,-0.37419,-1.087337,0.391993,-1.398189,-0.489235,-0.759305,-1.50424,2.341928,-1.067868,-0.970941
2026-05-05 06:40:00,0.991562,1.017961,0.476179,0.484941,0.332878,-0.392178,0.638752,0.784771,0.958178,0.981004
2026-05-05 07:00:00,4.97975,0.495029,0.474705,3.44583,0.563852,-0.364644,2.335139,0.367354,1.558332,1.738257
,,,,,,,,,,
2026-05-05 07:20:00,-0.623823,-0.79416,0.468563,-0.151864,0.661419,0.342075,-0.239658,1.816607,-0.59287,-0.523013
2026-05-05 07:40:00,-0.579361,-0.439758,0.476257,-0.670148,0.680179,0.709201,-0.887784,1.884056,-0.439892,-0.380326
2026-05-05 08:00:00,-0.477872,-0.168144,0.459631,-0.264346,0.684101,1.076327,-0.378048,1.226086,-0.276929,-0.281829
2026-05-05 08:20:00,0.153022,0.19645,0.461026,-0.501725,0.694532,1.443454,-0.471487,1.200898,-0.062834,-0.088268
2026-05-05 08:40:00,-0.461966,-0.087117,0.45513,-0.243895,0.704562,1.81058,-0.027266,0.93844,-0.124682,-0.15873
2026-05-05 09:00:00,0.316235,0.95698,0.440066,0.170954,0.705198,2.177706,0.297557,0.856683,0.702246,0.651904
2026-05-05 09:20:00,0.436645,0.674943,0.440852,-0.019532,0.703545,2.287844,0.131819,0.78632,0.832311,0.760428
,,,,,,,,,,
2026-05-06 07:00:00,0.061851,1.343081,-3.221786,1.611566,-2.841157,-1.273281,1.598394,0.226998,2.102843,2.151744
2026-05-06 07:20:00,-0.474642,0.142831,-0.052175,-0.302024,-1.234166,-0.906155,-0.125708,0.316131,-0.219489,-0.272081
2026-05-06 07:40:00,0.913531,1.234776,0.407146,0.493362,0.063736,-0.539029,0.209383,0.111165,1.118008,1.100296
2026-05-06 08:00:00,-0.329819,-0.163666,0.47609,-0.333712,0.445913,-0.171902,-0.25844,1.044463,-0.134394,-0.108692
2026-05-06 08:20:00,1.386164,1.25308,0.454963,0.077118,0.616713,0.195224,0.323752,0.18551,1.125882,1.098347
2026-05-06 08:40:00,0.152904,0.704025,0.432853,0.174755,0.673261,0.56235,0.280111,0.259265,0.672106,0.672699
2026-05-06 09:00:00,-0.483335,-0.320138,0.466205,-0.735134,0.708484,0.840755,-0.67437,1.076178,-0.416247,-0.420895
,,,,,,,,,,
2026-05-06 10:00:00,0.350267,0.736166,-1.974214,1.786437,-1.16361,-1.239627,1.50037,0.232382,1.341898,1.44592
2026-05-06 10:20:00,-0.351832,-0.140885,0.194309,-0.507957,-0.237392,-0.872501,-0.649406,0.631434,-0.504078,-0.556248
2026-05-06 10:40:00,-0.645407,0.013094,0.432528,0.171555,0.40764,-0.505374,0.275946,0.407403,-0.206184,-0.248779
2026-05-06 11:00:00,0.794448,-0.025277,0.42788,1.535848,0.617038,-0.223911,1.281822,0.231939,0.466387,0.507917
,,,,,,,,,,
2026-05-06 11:20:00,-0.231974,-1.198952,0.519603,0.381145,0.73746,0.195224,0.352279,2.572819,1.109486,1.386785
,,,,,,,,,,
2026-05-06 12:00:00,-0.093623,0.499947,0.413848,-0.352166,0.700038,0.963131,-0.139565,0.301859,-0.007024,-0.109527
2026-05-06 12:20:00,-0.953734,-1.257485,0.436538,-1.164804,0.709867,1.330258,-1.348587,1.738979,-1.247729,-1.2034
2026-05-06 12:40:00,0.586988,1.02227,0.44039,0.289042,0.724331,1.697384,0.142795,0.276487,0.956235,0.955381
2026-05-06 13:00:00,0.210921,0.077248,0.390087,-1.248606,0.713153,1.807522,-0.91673,0.360163,-0.796145,-0.990344
,,,,,,,,,,
2026-05-07 06:00:00,-0.378367,0.095214,-1.357734,0.262263,-2.133067,-1.108075,0.238827,0.162019,0.04768,0.030653
2026-05-07 06:20:00,0.519269,0.497102,0.340816,0.357012,-0.46618,-0.740948,0.334021,0.15232,0.433009,0.398651
2026-05-07 06:40:00,-0.317944,-0.830674,0.397231,-0.843791,0.32769,-0.373822,-0.940594,0.807525,-1.012538,-1.068789
2026-05-07 07:00:00,-0.576194,-1.016127,0.482399,-0.921795,0.534052,-0.006696,-1.353617,1.641586,-0.914576,-0.817857
2026-05-07 07:20:00,-0.417587,0.194295,0.440223,0.337379,0.679196,0.360431,0.232068,0.226702,0.237232,0.221893
2026-05-07 07:40:00,1.171131,0.483502,0.442788,-0.407264,0.735703,0.550114,-0.257497,0.088928,0.018689,-0.063017
,,,,,,,,,,
2026-05-07 10:00:00,-0.082807,0.48121,-3.015779,1.158294,-2.329607,-1.261043,1.273597,0.068534,0.862431,0.865239
2026-05-07 10:20:00,-0.532043,-0.186167,0.034222,-0.386837,-0.923063,-0.893917,-0.387662,0.800444,-0.267488,-0.248222
2026-05-07 10:40:00,-0.807465,-0.749516,0.407883,0.137077,0.183293,-0.526791,0.131216,0.373918,-0.611899,-0.632002
2026-05-07 11:00:00,2.69031,0.434628,0.410065,0.472502,0.477621,-0.389118,0.717417,0.006764,0.340457,0.409048
,,,,,,,,,,
2026-05-07 12:00:00,-0.84277,-1.014525,0.439879,0.03547,0.736499,0.941715,-0.002852,0.788459,-0.60275,-0.551607
2026-05-07 12:20:00,0.917736,1.193466,0.420245,0.08092,0.733268,1.308841,0.125113,0.091472,0.894848,0.883805
2026-05-07 12:40:00,0.087785,0.134588,0.461272,-0.312058,0.731138,1.675968,-0.497892,0.829651,0.133005,0.183738
2026-05-07 13:00:00,-0.745686,-0.285441,0.432283,-0.503939,0.698855,1.737155,-0.093619,0.113304,-0.616786,-0.719545
,,,,,,,,,,
2026-05-08 06:40:00,-0.274146,0.21376,-3.170609,0.749412,-2.774579,-1.273281,0.84745,0.824747,0.367632,0.36393
2026-05-08 07:00:00,-0.339784,-0.242876,-0.023353,-0.539235,-1.184016,-0.906155,-0.473452,0.985164,-0.398368,-0.417089
2026-05-08 07:20:00,-1.011197,-0.952804,0.459965,-0.372208,0.052094,-0.539029,-0.578443,1.439976,-0.960236,-0.956459
2026-05-08 07:40:00,0.199759,0.572715,0.450384,-0.278566,0.50004,-0.171902,-0.25603,0.786615,0.297555,0.245659
2026-05-08 08:00:00,-1.765075,-3.138792,0.43867,0.495768,0.577112,-0.159664,0.772139,1.763577,-2.281399,-2.304699
,,,,,,,,,,
2026-05-08 09:40:00,0.816088,0.9141,-0.764298,0.976758,-1.150848,-1.010173,0.637363,0.57999,1.16208,1.219311
2026-05-08 10:00:00,-1.432134,-2.190148,0.463404,-2.120986,0.03359,-0.643047,-2.511662,2.741128,-2.207332,-2.107797
2026-05-08 10:20:00,-0.304576,0.132508,0.467168,-0.289609,0.485631,-0.27592,-0.108236,0.72916,-0.111356,-0.160029
2026-05-08 10:40:00,-1.201714,-1.001989,0.457626,-0.074029,0.617792,0.026959,0.111177,0.757002,-1.000674,-1.042703
,,,,,,,,,,
2026-05-08 12:20:00,-0.214567,0.585776,-1.511542,0.543696,-1.451146,-1.153965,0.532215,0.727943,0.42173,0.369315
2026-05-08 12:40:00,-0.380587,-1.02763,0.408453,-0.758978,-0.299419,-0.786839,-0.994085,1.998045,-1.022062,-0.930837
2026-05-08 13:00:00,3.991836,-0.218527,0.46815,1.915328,0.191967,-0.744006,1.591688,0.387268,0.343006,0.443211
,,,,,,,,,,
2026-05-08 13:40:00,-0.711764,-0.353322,0.414585,-0.789703,0.636372,0.31454,-0.851975,1.453952,-0.327497,-0.300024
2026-05-08 14:00:00,-1.055514,-0.974724,0.458736,-0.671952,0.664214,0.681666,-0.634108,1.467339,-1.086583,-1.104995
,,,,,,,,,,
2026-05-09 07:20:00,-0.297425,0.104125,-0.72449,-0.394873,-1.662571,-0.97958,-0.415167,1.176301,-0.034595,-0.032474
2026-05-09 07:40:00,-0.341921,0.35249,0.422289,0.20945,-0.097436,-0.612454,0.28184,0.628373,0.238945,0.169999
2026-05-09 08:00:00,0.148817,0.51874,0.424913,0.009148,0.459464,-0.245328,0.237962,0.632651,0.390649,0.360496
2026-05-09 08:20:00,-1.178249,-1.117144,0.40861,-0.836741,0.569683,-0.193317,-0.351172,0.605731,-1.509822,-1.603239
,,,,,,,,,,
2026-05-09 09:40:00,0.422634,0.553548,-1.001692,0.656684,-1.156859,-1.086658,0.679695,0.719387,0.630686,0.635008
2026-05-09 10:00:00,-0.36013,-0.421304,0.415165,-0.924995,-0.044747,-0.719532,-0.932081,1.615439,-0.629465,-0.606936
2026-05-09 10:20:00,0.649458,0.44309,0.477073,0.430011,0.454449,-0.352406,0.391651,0.578589,0.503023,0.488422
2026-05-09 10:40:00,0.344361,0.458715,0.483627,-0.230661,0.626107,0.014721,-0.288984,1.015883,0.314369,0.315471
2026-05-09 11:00:00,-0.436695,0.501405,0.469182,-1.002926,0.658023,0.07285,-0.814751,0.732442,-0.614134,-0.863532
,,,,,,,,,,
2026-05-09 11:20:00,-1.02321,-0.756091,-1.168983,-0.012603,-0.482954,-1.239627,0.072355,0.770795,-0.884979,-0.962215
2026-05-09 11:40:00,-0.24187,-0.217191,0.294384,0.125047,0.091467,-0.872501,0.136246,0.764489,-0.103836,-0.129115
2026-05-09 12:00:00,2.415525,0.074947,0.447426,1.259347,0.444336,-0.704236,1.248423,0.596069,0.400195,0.492228
,,,,,,,,,,
2026-05-09 12:40:00,-0.837203,-0.541918,0.424254,-1.219734,0.66162,0.228878,-0.715759,0.870512,-1.236721,-1.40448
2026-05-09 13:00:00,-0.074162,0.620282,0.438592,0.02919,0.684792,0.596005,0.015747,0.581649,0.311278,0.266175
2026-05-09 13:20:00,-0.452449,-0.124767,0.434651,-0.310253,0.686805,0.880528,-0.104988,0.937703,-0.392645,-0.41811
,,,,,,,,,,
2026-05-10 07:20:00,-1.251003,-1.175096,-3.78246,0.760432,-3.065773,-1.291638,0.598961,-0.337414,-0.847424,-0.842551
2026-05-10 07:40:00,-0.07964,0.647054,-0.205963,0.109407,-1.415224,-0.924511,0.191256,-0.439233,0.398399,0.364766
2026-05-10 08:00:00,0.178036,1.01279,0.381351,0.166334,0.011109,-0.557385,0.167471,-0.509928,0.728272,0.689595
2026-05-10 08:20:00,0.344071,0.401856,0.411971,-0.308039,0.464997,-0.190259,-0.493098,0.102867,0.371538,0.40552
2026-05-10 08:40:00,1.010408,0.971349,0.419921,0.239935,0.626051,0.176868,0.324643,-0.464458,0.955755,0.968842
2026-05-10 09:00:00,-1.00543,-1.318428,0.412875,-1.094812,0.683866,0.543994,-1.020726,0.405854,-1.49823,-1.529343
2026-05-10 09:20:00,-1.227717,-1.254731,0.429128,-0.557738,0.700287,0.651074,-0.271197,-0.366105,-1.377146,-1.474663
,,,,,,,,,,
2026-05-10 11:00:00,-0.710886,-0.45046,-1.433528,0.375298,-1.560051,-1.123371,-0.115282,0.309308,-0.13642,-0.069701
2026-05-10 11:20:00,-1.481181,-2.253696,0.373244,-2.62286,-0.273417,-0.756245,-3.025328,2.08349,-2.215332,-2.065
2026-05-10 11:40:00,-1.07344,-0.964495,0.447927,-0.507548,0.35657,-0.389118,-0.587611,0.362855,-1.059743,-1.051151
2026-05-10 12:00:00,1.15335,0.406532,0.445018,0.938454,0.552964,-0.147426,1.080851,-0.575238,0.633527,0.675855
,,,,,,,,,,
2026-05-10 12:20:00,-1.760925,-3.232878,0.362513,-0.688,0.623803,0.345135,-0.295323,-0.408514,-2.491838,-2.580419
2026-05-10 12:40:00,1.812426,1.124856,0.403412,5.591603,0.671006,0.449154,6.203071,-0.317279,6.295507,6.555549
,,,,,,,,,,
2026-05-10 13:00:00,0.114805,0.36232,0.428136,0.137365,0.725445,1.079387,0.142271,-0.404642,0.366525,0.321783
2026-05-10 13:20:00,0.590446,0.822971,0.412954,0.357421,0.724103,1.446514,0.437283,-0.590763,0.921625,0.908592
2026-05-10 13:40:00,0.621615,1.000693,0.394273,-0.034209,0.726573,1.789166,0.07563,-0.506056,0.658425,0.642435
,,,,,,,,,,
2026-05-11 06:20:00,0.589754,1.73326,-2.730175,2.268221,-2.802725,-1.236569,2.065169,-0.615029,2.910889,3.038966
2026-05-11 06:40:00,1.681641,1.34443,0.086136,0.169342,-1.083716,-0.869442,-0.016552,-0.642392,1.020464,0.988152
2026-05-11 07:00:00,-0.421453,-0.110254,0.432774,-0.653714,0.104264,-0.502316,-0.852185,0.504206,0.061904,0.145861
2026-05-11 07:20:00,-0.282501,-0.34498,0.423606,-1.090602,0.518315,-0.13519,-1.179417,0.579806,-0.414848,-0.370207
2026-05-11 07:40:00,-0.683043,-0.287352,0.447593,-0.217621,0.629046,0.231937,-0.236384,0.116697,-0.270559,-0.246273
2026-05-11 08:00:00,-0.600745,-0.67158,0.431054,-0.716271,0.667382,0.599063,-0.813337,0.348694,-0.734319,-0.694201
2026-05-11 08:20:00,-0.648983,-0.25838,0.400896,-0.01934,0.713458,0.834637,0.059074,-0.50163,-0.338233,-0.394066
,,,,,,,,,,
2026-05-11 10:40:00,-0.402102,0.476504,-2.980717,0.722777,-2.379618,-1.251865,0.792414,-0.501704,0.274621,0.238232
2026-05-11 11:00:00,-1.275436,-1.698909,0.085566,-1.295933,-0.935514,-0.884739,-1.722762,1.345643,-1.295205,-1.145842
2026-05-11 11:20:00,1.454284,1.402151,0.427615,-0.207997,0.199313,-0.517612,-0.184202,-0.667874,0.929082,0.882506
2026-05-11 11:40:00,0.636837,0.32219,0.397978,0.443341,0.510381,-0.27898,0.606898,-0.59257,0.217348,0.231084
,,,,,,,,,,
2026-05-11 12:20:00,0.759496,0.632969,0.457705,0.027819,0.776418,0.583767,0.156704,-0.570112,0.530636,0.553128
2026-05-11 12:40:00,-0.203197,0.247614,0.420166,-0.590147,0.77408,0.950893,-0.600709,-0.00747,-0.052955,-0.043057
2026-05-11 13:00:00,-0.213688,-0.946172,0.467826,-0.849012,0.739549,1.318019,-1.204303,1.043836,-0.63995,-0.509552
2026-05-11 13:20:00,0.15289,-0.294391,0.434739,-0.621185,0.730114,1.516879,-0.536818,-0.400143,-0.606343,-0.698564
,,,,,,,,,,
2026-05-12 07:40:00,0.552789,1.025904,-1.318329,0.291544,-2.203533,-1.089718,0.236391,-0.782306,0.775164,0.742604
2026-05-12 08:00:00,1.650755,0.991789,0.328778,-0.010509,-0.466062,-0.722592,0.103947,-0.793258,0.822494,0.773982
2026-05-12 08:20:00,0.210195,0.960333,0.38708,0.044228,0.319217,-0.355466,0.031674,-0.631624,0.660263,0.61115
2026-05-12 08:40:00,-0.817036,-0.537309,0.391993,-0.544841,0.499867,-0.318753,-0.334616,-0.679565,-0.833555,-0.877364
,,,,,,,,,,
2026-05-12 10:20:00,-0.234173,0.414044,-0.974551,0.216235,-1.327396,-1.034649,0.36687,-0.644494,0.207468,0.160344
2026-05-12 10:40:00,0.491951,1.165533,0.340157,-0.310662,-0.031833,-0.667523,-0.096029,-0.630997,0.672461,0.597132
2026-05-12 11:00:00,-0.825564,-0.567284,0.35817,0.225691,0.476812,-0.300397,0.325507,-0.587076,-0.40643,-0.412261
2026-05-12 11:20:00,0.916657,1.089834,0.37458,-0.440612,0.632789,-0.095417,-0.295218,-0.615435,0.62396,0.586827
,,,,,,,,,,
2026-05-12 12:40:00,-0.233073,0.354636,-1.016344,0.287478,-1.10877,-1.07442,0.281499,-0.571218,0.192972,0.157652
2026-05-12 13:00:00,0.938442,0.186205,0.367731,0.453254,-0.046643,-0.753185,0.539367,-0.677979,0.275393,0.298575
,,,,,,,,,,
2026-05-12 14:00:00,0.083573,0.613377,0.417533,0.578006,0.663508,0.394085,0.177189,-0.318607,0.777127,0.844072
2026-05-12 14:20:00,0.076353,0.158108,0.427143,-0.397736,0.694739,0.730617,-0.392115,-0.175337,0.127198,0.118939
,,,,,,,,,,
2026-05-13 07:40:00,-0.249941,0.324294,-4.005468,3.014091,-2.991026,-1.309994,2.795732,0.881575,1.40103,1.467458
2026-05-13 08:00:00,0.095793,0.877358,-0.309881,-0.203979,-1.431535,-0.942868,-0.118295,0.640027,0.482742,0.422045
2026-05-13 08:20:00,0.530569,0.974497,0.406488,0.169558,-0.023422,-0.575741,0.19825,0.555835,0.820405,0.814365
2026-05-13 08:40:00,-0.538558,-0.839797,0.438012,-1.004995,0.424013,-0.208615,-0.987536,1.224869,-1.067471,-1.080858
2026-05-13 09:00:00,0.011767,0.189312,0.472405,-0.239468,0.596598,0.158511,-0.251446,1.203959,0.250412,0.303309
2026-05-13 09:20:00,0.596442,1.646431,0.46135,0.099374,0.675337,0.525638,-0.037508,0.532787,1.422356,1.378801
2026-05-13 09:40:00,-0.683499,-0.778158,0.443505,-0.515319,0.681694,0.724499,-0.497735,1.465864,-0.645235,-0.620769
,,,,,,,,,,
2026-05-13 12:00:00,-0.522963,-0.254446,-3.499263,1.518332,-2.417961,-1.288578,1.512499,0.367575,0.076358,0.066766
2026-05-13 12:20:00,0.001794,0.849631,-0.128823,-0.170511,-1.013216,-0.921451,-0.00369,0.568447,0.50672,0.429008
2026-05-13 12:40:00,0.350468,1.065041,0.424991,0.349602,0.157526,-0.554325,0.320059,0.538023,1.019273,1.018045
2026-05-13 13:00:00,0.906111,0.143806,0.441874,0.814423,0.474356,-0.422771,1.081611,0.528398,0.248887,0.270817
,,,,,,,,,,
2026-05-13 13:00:00,1.804805,0.762136,0.437913,3.054488,0.608904,-0.187199,1.94488,0.473561,1.552672,1.733987
2026-05-13 13:20:00,4.15139,-0.181914,0.46588,2.401154,0.621673,-0.147426,1.354488,0.414004,0.55522,0.668522
,,,,,,,,,,
2026-05-13 13:40:00,-1.57489,-2.300945,0.460289,-1.381732,0.668537,0.547054,-1.808971,3.061042,-1.973478,-1.79875
2026-05-13 14:00:00,1.181456,0.977157,0.463561,0.699679,0.695224,0.91418,0.402129,0.493438,1.11454,1.141979
2026-05-13 14:20:00,-0.080297,-0.460743,0.455248,-0.833734,0.717518,1.26601,-0.806657,1.152625,-0.649872,-0.683154
,,,,,,,,,,
2026-05-14 08:00:00,-0.053028,0.778171,-1.654561,0.082075,-2.451385,-1.126431,0.187484,-1.614301,0.48953,0.436991
2026-05-14 08:20:00,0.156251,0.134869,0.27366,-0.772404,-0.668737,-0.759305,-0.745438,-0.929115,-0.119773,-0.124752
2026-05-14 08:40:00,-1.557013,-2.281028,0.381528,-1.680946,0.102562,-0.560443,-2.055758,0.431594,-2.113528,-2.015983
,,,,,,,,,,
2026-05-14 09:20:00,-0.785556,-0.65439,-1.713383,1.115153,-1.124763,-1.233509,1.107021,-1.470442,-0.33038,-0.317384
2026-05-14 09:40:00,-0.564202,-0.400696,0.188413,-1.143535,-0.224423,-0.866382,-1.165874,-0.592902,-0.501175,-0.484765
2026-05-14 10:00:00,0.210651,0.858492,0.395108,0.170954,0.384986,-0.499256,0.270052,-1.521001,0.76566,0.773982
2026-05-14 10:20:00,-0.484546,-0.033775,0.370512,-0.544192,0.579208,-0.211673,-0.361781,-1.236269,-0.380259,-0.4584
,,,,,,,,,,
2026-05-14 11:00:00,-0.286297,0.141506,-0.537832,-0.060411,-0.352011,-1.083598,-0.048458,-1.152114,0.077946,0.10325
2026-05-14 11:20:00,0.515755,-0.302902,0.359074,0.57637,0.162195,-0.900035,0.56695,-1.228414,-0.101121,-0.044357
,,,,,,,,,,
2026-05-14 12:20:00,-1.227828,-1.409266,0.417611,-0.977566,0.660575,0.384907,-1.051112,-0.398484,-1.444132,-1.40643
2026-05-14 12:40:00,-1.353177,-1.436514,0.407067,-0.559831,0.672763,0.540936,-0.236646,-1.416047,-1.468006,-1.544289
,,,,,,,,,,
2026-05-15 06:40:00,0.46453,1.435951,-1.388168,0.410113,-2.265131,-1.089718,0.458108,-1.233171,1.307873,1.322914
2026-05-15 07:00:00,-0.386293,0.087883,0.297411,-0.146041,-0.496906,-0.722592,-0.027475,-1.225353,-0.161924,-0.204497
2026-05-15 07:20:00,-0.636935,-0.145141,0.346721,-0.101024,0.320123,-0.37994,0.057136,-1.248549,-0.385439,-0.464527
,,,,,,,,,,
2026-05-15 08:00:00,-1.478069,-2.422195,-3.3004,6.36649,-1.212722,-1.340587,5.958825,-0.384544,-0.677777,-0.642956
2026-05-15 08:20:00,1.107111,1.606938,-0.37515,0.262383,-0.453093,-0.97346,0.167471,-1.407897,1.459264,1.432274
2026-05-15 08:40:00,0.139017,1.140054,0.35588,0.072908,0.340944,-0.606334,0.19474,-1.238555,0.895892,0.886962
2026-05-15 09:00:00,1.405991,1.108951,0.354828,0.247706,0.581158,-0.364644,-0.012387,-1.375334,0.942659,0.911656
,,,,,,,,,,
2026-05-15 10:00:00,-1.096912,-0.731619,-2.221003,0.456935,-1.390295,-1.239627,0.561083,-1.167935,-0.66537,-0.675727
2026-05-15 10:20:00,-0.082579,0.690068,0.123556,0.365842,-0.383519,-0.872501,0.374414,-1.269606,0.629245,0.591654
2026-05-15 10:40:00,0.148181,1.147698,0.381105,-0.217813,0.356279,-0.505374,-0.069598,-1.250873,0.632838,0.594625
2026-05-15 11:00:00,2.338773,0.225001,0.424333,1.452455,0.56518,-0.318753,1.296466,-1.437363,0.656378,0.743439
,,,,,,,,,,
2026-05-15 11:40:00,-1.112279,-1.527917,0.435221,-1.454755,0.738034,0.596005,-1.826863,0.644046,-1.406451,-1.312109
2026-05-15 12:00:00,-0.305267,0.059781,0.420982,-0.428341,0.729865,0.963131,-0.445737,-0.555398,0.050792,0.046435
2026-05-15 12:20:00,-0.226842,0.463247,0.394951,0.05313,0.732528,1.201763,0.178054,-1.251168,0.24613,0.2231
,,,,,,,,,,
2026-05-16 08:00:00,1.082954,0.494508,-0.951812,0.669315,-1.891697,-1.016293,0.404906,-0.476738,0.560714,0.500955
2026-05-16 08:20:00,-0.596478,-0.241902,0.380034,-0.355775,-0.241716,-0.649167,-0.184648,-0.355964,-0.612671,-0.703577
2026-05-16 08:40:00,0.345509,0.611158,0.418525,0.040234,0.386487,-0.28204,0.043462,-0.46077,0.375464,0.339051
2026-05-16 09:00:00,0.544573,0.631635,0.407716,-0.191948,0.590545,0.085086,-0.128537,-0.333837,0.416236,0.399208
2026-05-16 09:20:00,-0.847418,-0.502222,0.403579,-0.404209,0.643898,0.149333,-0.621194,-0.448637,-0.851747,-0.980039
,,,,,,,,,,
2026-05-16 11:20:00,-0.757035,-0.636984,-1.33475,-0.385995,-1.681344,-1.098896,-0.487833,0.505313,-0.57121,-0.521342
2026-05-16 11:40:00,-0.561954,-0.444498,0.351212,-0.993374,-0.26852,-0.73177,-0.963515,0.423371,-0.574322,-0.588369
2026-05-16 12:00:00,0.940116,-0.543757,0.463876,0.783722,0.298361,-0.542087,0.904818,-0.055632,0.028944,0.170834
,,,,,,,,,,
2026-05-16 12:40:00,0.111734,0.678342,0.393683,-0.127058,0.648975,0.369609,-0.078425,-0.356775,0.369574,0.299132
2026-05-16 13:00:00,-0.910801,-0.662662,0.414025,-0.65191,0.685885,0.736735,-0.5671,0.164011,-0.888363,-0.907535
2026-05-16 13:20:00,-0.782236,-0.295921,0.41259,-0.399084,0.710269,0.895824,-0.198086,-0.410063,-0.566197,-0.643699
,,,,,,,,,,
2026-05-17 07:20:00,-1.338889,-1.333716,-3.320869,0.786489,-2.918976,-1.273281,1.167244,-0.226265,-0.941646,-0.957388
2026-05-17 07:40:00,-0.371832,-0.4116,-0.036944,-0.596571,-1.259241,-0.906155,-0.785832,1.109626,-0.226758,-0.137006
2026-05-17 08:00:00,1.322193,0.98229,0.460456,0.028396,0.04979,-0.539029,-0.070043,-0.236406,0.714841,0.662673
2026-05-17 08:20:00,-0.560633,0.117877,0.41771,-0.084687,0.47289,-0.171902,0.150863,-0.030519,-0.17807,-0.246458
2026-05-17 08:40:00,-0.465887,0.020626,0.411077,-0.455409,0.625878,0.195224,-0.318035,0.269407,-0.279812,-0.316549
,,,,,,,,,,
2026-05-17 09:40:00,0.199586,1.059814,-2.395113,2.116833,-1.236359,-1.273281,1.922561,0.041097,1.962731,2.074783
2026-05-17 10:00:00,-0.931721,-1.002545,0.056489,-1.329208,-0.351471,-0.906155,-1.449439,1.070278,-0.988935,-0.938542
2026-05-17 10:20:00,0.020335,-0.409558,0.478311,0.074929,0.353194,-0.551265,0.061484,0.494471,-0.220158,-0.157616
,,,,,,,,,,
2026-05-17 11:20:00,-1.820401,-2.882503,0.497631,-1.183932,0.686487,0.56235,-1.935809,2.270644,-2.45163,-2.302936
2026-05-17 11:40:00,0.469592,0.893526,0.481416,0.254371,0.707101,0.929477,0.264394,-0.21428,0.671709,0.663508
2026-05-17 12:00:00,0.079652,0.263902,0.428057,-0.216153,0.713478,1.272129,-0.081071,-0.114858,0.066896,0.026012
,,,,,,,,,,
2026-05-18 08:20:00,-0.745914,-0.290687,-1.912208,0.156108,-2.532185,-1.163144,0.214622,-0.914364,-0.487285,-0.530812
2026-05-18 08:40:00,0.752739,0.348705,0.289874,0.111813,-0.769791,-0.796017,-0.145145,-0.895004,0.310881,0.289941
2026-05-18 09:00:00,0.201142,1.079991,0.389782,0.315123,0.231022,-0.428891,0.431389,-1.070762,0.817147,0.79784
2026-05-18 09:20:00,0.741134,-0.202064,0.419862,0.346209,0.562572,-0.181081,0.559982,-0.74989,0.108379,0.188565
,,,,,,,,,,
2026-05-18 10:00:00,0.371132,0.871831,0.362405,0.440285,0.682344,0.672488,0.231021,-1.063461,0.859548,0.866724
2026-05-18 10:20:00,-0.137151,0.563179,0.340403,-0.078263,0.692803,1.039615,0.034948,-1.104579,0.190236,0.130358
2026-05-18 10:40:00,-0.671805,-0.098096,0.368979,-0.388858,0.706291,1.406741,-0.335716,-0.48474,-0.376499,-0.386918
2026-05-18 11:00:00,0.239815,1.025136,0.415332,0.307087,0.726469,1.773867,0.403439,-1.150049,0.963087,0.964386
2026-05-18 11:20:00,1.26289,0.899633,0.400022,-0.085481,0.737474,2.140994,-0.247517,-1.165722,0.559231,0.511445
2026-05-18 11:40:00,-0.619992,-0.322292,0.388554,-0.117361,0.726925,2.50812,-0.129847,-0.403278,-0.270538,-0.270039
2026-05-18 12:00:00,-0.563365,0.335989,0.38592,-0.108916,0.717732,2.566249,-0.086782,-1.064825,-0.043576,-0.04807
,,,,,,,,,,
2026-05-19 07:00:00,0.056588,0.990496,-1.020697,0.03085,-1.888813,-1.053006,0.22696,0.656474,0.743415,0.711226
2026-05-19 07:20:00,-0.963707,-0.545815,0.401083,-0.212015,-0.286332,-0.685879,-0.040128,0.675687,-0.780438,-0.855641
2026-05-19 07:40:00,1.078238,1.379932,0.45456,0.416177,0.388617,-0.318753,0.532006,0.496204,1.396811,1.389755
2026-05-19 08:00:00,-0.026789,0.382016,0.439486,0.080318,0.605701,0.048373,0.212658,0.66739,0.071178,0.027311
2026-05-19 08:20:00,3.374227,-1.254281,0.458324,0.10178,0.654931,0.07285,0.680455,0.316131,-0.955056,-0.942348
,,,,,,,,,,
2026-05-19 09:00:00,-0.072807,0.395287,0.424215,-0.485051,0.691959,1.149753,-0.422842,1.143701,0.329826,0.344621
2026-05-19 09:20:00,0.086803,0.790055,0.422869,0.021371,0.688134,1.516879,0.207419,0.663997,0.587575,0.527598
2026-05-19 09:40:00,-0.338519,-0.405193,0.435152,-0.444582,0.70093,1.884005,-0.421271,1.156313,-0.610792,-0.635344
2026-05-19 10:00:00,1.565456,1.161018,0.458402,0.632118,0.719552,2.251132,0.22903,0.499597,1.262944,1.275104
2026-05-19 10:20:00,0.097578,-0.303295,0.438837,-0.672169,0.721336,2.618258,-0.663814,1.192601,-0.507838,-0.518743
2026-05-19 10:40:00,0.710954,1.376728,0.478144,0.346787,0.736554,2.985384,0.107431,0.540457,1.272198,1.262293
2026-05-19 11:00:00,0.322749,0.041382,0.447563,-0.288791,0.72373,3.21178,-0.214799,0.632098,-0.348802,-0.413654
,,,,,,,,,,
2026-05-20 07:20:00,-0.090172,0.822759,-1.899364,0.690922,-2.38455,-1.1815,0.78136,0.526481,0.946251,0.954174
2026-05-20 07:40:00,-0.791386,-1.58579,0.321565,-1.710974,-0.764659,-0.814374,-2.130755,2.432905,-1.554918,-1.442171
2026-05-20 08:00:00,-0.795252,-0.236544,0.464465,-0.191948,0.202544,-0.447247,-0.062839,0.509111,-0.519013,-0.578807
2026-05-20 08:20:00,0.868862,0.678565,0.452349,0.542084,0.547368,-0.080121,0.270497,0.570291,0.89537,0.933194
2026-05-20 08:40:00,0.275376,0.057982,0.453332,-0.528793,0.658908,0.287006,-0.562961,1.128655,-0.02484,-0.001003
2026-05-20 09:00:00,-0.035206,0.40579,0.441618,-0.177512,0.70387,0.654132,-0.20102,0.683985,0.155897,0.115597
2026-05-20 09:20:00,-1.025029,-0.759136,0.429973,-0.126456,0.72189,0.840755,0.343556,0.784366,-0.491087,-0.48885
,,,,,,,,,,
2026-05-20 11:40:00,-0.316215,0.743506,-4.120932,3.911253,-2.548689,-1.313052,3.772689,0.512246,2.627929,2.750157
2026-05-20 12:00:00,0.183852,-0.06812,-0.327078,-0.449009,-1.153525,-0.945926,-0.652235,1.107155,-0.141872,-0.117975
2026-05-20 12:20:00,-0.361341,-1.396139,0.4937,-1.013609,0.069387,-0.5788,-1.56077,2.257737,-1.06555,-0.929259
2026-05-20 12:40:00,1.301431,0.10517,0.485445,0.182479,0.471479,-0.285098,0.246319,0.765964,0.208032,0.239532
,,,,,,,,,,
2026-05-20 13:40:00,-0.358554,-0.727447,0.520881,0.403352,0.676443,0.889706,-0.298676,1.94188,0.174069,0.357061
2026-05-20 14:00:00,-0.115429,-0.020235,0.481495,-0.606003,0.70093,1.256832,-0.600499,0.94305,-0.130864,-0.121781
2026-05-20 14:20:00,0.484461,0.955481,0.440311,-0.432359,0.720354,1.623959,-0.250791,0.580728,0.776124,0.78865
2026-05-20 14:40:00,0.01992,-0.365732,0.445342,-0.564932,0.740158,1.948252,-0.834188,1.403688,-0.122342,-0.05559
,,,,,,,,,,
2026-05-21 06:00:00,-0.038428,0.672498,-1.520632,0.246214,-2.33411,-1.108075,0.421199,-1.187812,0.545717,0.520543
2026-05-21 06:20:00,-0.08742,-0.261929,0.303228,-0.312659,-0.586886,-0.740948,-0.376084,-0.61289,-0.315278,-0.313392
2026-05-21 06:40:00,0.873302,0.937533,0.360715,0.356627,0.254769,-0.373822,0.148898,-1.281592,0.896853,0.909892
2026-05-21 07:00:00,-1.112044,-0.924692,0.372192,-0.238361,0.536017,-0.126012,0.067116,-0.963448,-1.043994,-1.127739
,,,,,,,,,,
2026-05-21 08:20:00,-0.502271,0.119386,-0.974158,0.603775,-1.093158,-1.062184,0.437519,-1.079871,0.186372,0.174547
2026-05-21 08:40:00,1.164229,1.289294,0.377666,-0.166493,0.010535,-0.695057,-0.069598,-1.290516,1.019273,0.975805
2026-05-21 09:00:00,-0.033995,0.081588,0.413533,-0.377622,0.483958,-0.327931,-0.347714,-0.735803,3.6e-05,-0.019106
2026-05-21 09:20:00,-1.940736,-3.209722,0.408207,-2.52621,0.578149,-0.297337,-2.837585,1.577345,-2.977677,-2.861708
,,,,,,,,,,
2026-05-21 10:40:00,-1.595638,-2.932525,-5.039731,4.995051,-2.426697,-1.340587,4.28232,-0.679565,-1.538333,-1.566663
2026-05-21 11:00:00,0.664846,0.471529,-0.690097,0.426595,-1.166377,-0.97346,0.51084,-0.924801,0.716825,0.755229
2026-05-21 11:20:00,0.163105,0.693609,0.375288,-0.007502,0.074111,-0.606334,-0.041438,-1.16421,0.39961,0.368108
2026-05-21 11:40:00,2.452324,0.735967,0.39158,0.878688,0.441084,-0.444187,0.898165,-1.387541,0.916048,1.040047
,,,,,,,,,,
2026-05-21 12:20:00,-0.020565,0.713911,0.389536,-0.393791,0.640135,0.495045,-0.356437,-1.212225,0.253629,0.171948
2026-05-21 12:40:00,0.466079,0.915445,0.387817,-0.061638,0.663577,0.862171,0.009408,-1.006558,0.678706,0.629067
2026-05-21 13:00:00,0.092273,0.899619,0.371504,0.233871,0.703089,1.140574,0.16878,-1.102846,0.945792,0.913048
,,,,,,,,,,
2026-05-22 07:40:00,0.62423,0.722659,-1.810609,0.660172,-2.509704,-1.144787,0.839618,-1.57971,0.887913,0.888633
2026-05-22 08:00:00,-0.73848,-0.774826,0.252287,-0.992773,-0.724712,-0.777661,-0.812027,-0.896848,-1.055524,-1.125326
2026-05-22 08:20:00,-0.074162,0.53429,0.366119,0.169149,0.237012,-0.410535,0.058315,-1.362427,0.317732,0.314821
2026-05-22 08:40:00,0.404183,1.241596,0.388475,0.146292,0.563222,-0.043408,0.387067,-1.529889,1.034876,0.987409
2026-05-22 09:00:00,-0.657046,-0.203215,0.413445,-0.48469,0.664324,0.323718,-0.472797,-0.816012,-0.322735,-0.32741
2026-05-22 09:20:00,0.895204,1.315035,0.429413,0.439034,0.688306,0.690845,0.447106,-1.647897,1.360237,1.392726
2026-05-22 09:40:00,0.172953,0.048727,0.397427,-0.102516,0.711292,0.908062,-0.097103,-1.499944,-0.255582,-0.311721
,,,,,,,,,,
2026-05-22 11:20:00,1.003022,0.740668,-0.843246,0.223477,-1.158976,-0.994877,0.078302,-1.381677,0.756302,0.764791
2026-05-22 11:40:00,-0.252016,0.308445,0.363004,-0.044194,0.077916,-0.62775,0.0295,-1.401149,0.090186,0.071686
2026-05-22 12:00:00,0.732427,-0.290275,0.355339,0.530656,0.490231,-0.321811,0.762184,-1.559096,-0.079064,-0.044821
,,,,,,,,,,
2026-05-22 12:40:00,-0.338906,0.629246,0.46477,-0.596715,0.80581,0.473629,-0.383733,-1.540436,-0.08439,-0.158451
2026-05-22 13:00:00,-0.256739,0.692878,0.402557,0.072306,0.763186,0.840755,0.217006,-1.537596,0.467556,0.441633
2026-05-22 13:20:00,-0.333733,0.49491,0.386343,-0.028747,0.742607,1.207881,0.078406,-1.486889,0.160388,0.114762
2026-05-22 13:40:00,-0.508779,0.23027,0.356882,-0.346849,0.728136,1.501583,-0.077299,-1.547737,-0.137193,-0.206075
,,,,,,,,,,
2026-05-23 07:00:00,-0.946708,-0.638288,-4.599169,4.365464,-3.139172,-1.32835,3.37858,0.230095,0.481822,0.590169
2026-05-23 07:20:00,0.370351,1.162105,-0.531798,-0.188748,-1.577143,-0.961224,-0.003035,0.295221,0.714298,0.689966
2026-05-23 07:40:00,-0.233281,-0.510931,0.412217,-0.826756,-0.117088,-0.594098,-0.986672,1.252822,-0.590322,-0.555877
2026-05-23 08:00:00,-0.927108,-0.903364,0.443505,-0.48469,0.382509,-0.226971,-0.612078,1.15233,-0.602311,-0.557455
2026-05-23 08:20:00,0.690725,0.998908,0.426878,0.004143,0.578959,0.140155,0.008334,0.260187,0.725389,0.679755
2026-05-23 08:40:00,-1.578839,-2.604295,0.393045,0.409849,0.649992,0.182988,0.719748,0.239757,-1.847319,-1.892884
,,,,,,,,,,
2026-05-23 10:00:00,-0.509671,-0.291291,-0.679297,-0.663002,-0.942826,-1.004055,-0.713742,0.959829,-0.454576,-0.467777
2026-05-23 10:20:00,-0.692435,-1.379016,0.46479,-0.742545,0.115504,-0.636928,-0.855904,1.492526,-1.236136,-1.144635
2026-05-23 10:40:00,3.573921,-0.96989,0.473064,-0.262132,0.418016,-0.62469,-0.111955,0.122523,-0.935213,-0.993407
,,,,,,,,,,
2026-05-23 11:00:00,-1.150406,-1.003031,0.471875,0.116192,0.713727,0.097324,0.093757,0.352381,-0.979494,-1.011232
2026-05-23 11:20:00,-0.75191,-1.531309,0.482399,-0.47728,0.709286,0.464451,-0.685634,1.445802,-1.061769,-0.961565
2026-05-23 11:40:00,0.350523,0.301494,0.49313,-0.401081,0.721108,0.831577,-0.375219,0.563506,-0.088087,-0.141741
2026-05-23 12:00:00,-1.899933,-3.318082,0.487804,-1.080184,0.720645,0.834637,-1.533055,0.371447,-2.557633,-2.65283
,,,,,,,,,,
2026-05-24 06:00:00,-0.526573,0.152686,-4.405907,2.984016,-3.307489,-1.309994,2.315492,-1.140535,1.09382,1.244654
2026-05-24 06:20:00,0.892265,1.314791,-0.395049,0.033208,-1.609543,-0.942868,0.301277,-1.267136,0.965927,0.894853
2026-05-24 06:40:00,0.522962,1.387444,0.340079,0.119633,-0.065271,-0.575741,0.254125,-1.363939,1.107627,1.100482
2026-05-24 07:00:00,0.429363,0.058975,0.373401,-0.179317,0.447988,-0.208615,-0.028995,-1.220449,-0.133705,-0.187694
2026-05-24 07:20:00,-0.544727,-0.077,0.393634,-0.195461,0.60622,-0.061764,-0.049191,-1.219674,-0.012433,-0.001003
,,,,,,,,,,
2026-05-24 09:40:00,0.059084,0.355131,-0.891947,0.320537,-1.481803,-0.97958,0.294073,-1.215212,0.410722,0.399858
2026-05-24 10:00:00,1.502522,1.290942,0.364066,0.229901,-0.015232,-0.612454,0.11398,-1.38732,1.174675,1.122205
2026-05-24 10:20:00,-0.203301,-0.279279,0.389448,-0.292328,0.481751,-0.27592,-0.118976,-1.165021,-0.375643,-0.41384
,,,,,,,,,,
2026-05-24 11:40:00,0.70641,0.256771,-1.196055,1.336605,-1.188969,-1.114193,1.146445,-1.324923,0.835047,0.828754
2026-05-24 12:00:00,1.493262,0.381122,0.319108,1.274794,-0.177365,-0.838848,1.320487,-1.16716,1.275832,1.2933
,,,,,,,,,,
2026-05-24 12:20:00,3.113204,0.080062,0.389536,0.742747,0.557481,-0.490078,1.051041,-1.539698,0.472987,0.558698
,,,,,,,,,,
2026-05-24 13:20:00,-0.640179,-0.143228,0.373971,0.159068,0.692256,0.721439,0.329882,-1.09359,-0.236951,-0.302995
2026-05-24 13:40:00,0.50173,0.317895,0.381999,-0.19486,0.711645,1.036556,0.011713,-1.236859,0.189923,0.134721
,,,,,,,,,,
2026-05-25 06:20:00,0.759703,0.992411,-0.942801,0.569946,-1.875241,-1.016293,0.571063,-0.400917,1.000496,1.005419
2026-05-25 06:40:00,1.14584,1.285359,0.370207,-0.332701,-0.214683,-0.649167,-0.361021,-0.364556,0.750705,0.648098
2026-05-25 07:00:00,0.475644,0.65125,0.390352,0.052264,0.401297,-0.28204,0.008098,-0.284052,0.423213,0.357711
2026-05-25 07:20:00,-0.693299,-0.39916,0.418113,0.022983,0.590946,0.085086,0.083645,-0.081852,-0.430242,-0.463413
2026-05-25 07:40:00,-1.035327,-0.928948,0.415803,-0.873818,0.667036,0.244175,-0.526052,0.582793,-1.046312,-1.046045
,,,,,,,,,,
2026-05-25 10:00:00,0.346699,0.797543,-0.931982,0.368032,-1.450364,-1.010173,0.534232,-0.403978,0.778798,0.754858
2026-05-25 10:20:00,1.113626,0.355131,0.365952,0.0699,-0.050855,-0.643047,0.356942,-0.38731,0.29674,0.280379
2026-05-25 10:40:00,4.169371,-0.691794,0.40919,-0.365592,0.336738,-0.612454,-0.03206,-0.561556,-0.709526,-0.718152
,,,,,,,,,,
2026-05-26 08:20:00,-0.407981,0.312621,-1.536001,0.453518,-2.366835,-1.108075,0.550473,-1.668659,0.24212,0.192093
2026-05-26 08:40:00,-1.687791,-2.538256,0.37799,-2.455039,-0.622855,-0.740948,-2.864226,0.96455,-2.472893,-2.343504
2026-05-26 09:00:00,0.529815,0.335179,0.393467,0.423178,0.265027,-0.373822,0.485954,-1.606741,0.316646,0.303217
2026-05-26 09:20:00,4.545591,-0.428311,0.369883,0.758026,0.504827,-0.358524,-0.076592,-2.047724,-0.309743,-0.253978
,,,,,,,,,,
2026-05-26 09:40:00,0.736584,1.961091,0.384997,1.88109,0.705745,0.360431,1.630535,-1.787294,2.823893,2.975838
2026-05-26 10:00:00,1.198863,1.216416,0.380614,0.052264,0.70468,0.727557,-0.100377,-1.711216,0.801231,0.734898
2026-05-26 10:20:00,-1.071766,-1.395015,0.404198,-1.551574,0.717878,1.094684,-1.853739,0.096414,-1.396592,-1.316751
2026-05-26 10:40:00,-0.590945,-0.178223,0.381429,0.160728,0.725777,1.46181,0.249095,-1.642992,-0.169861,-0.220279
2026-05-26 11:00:00,-0.316907,-0.083726,0.381921,0.370847,0.735918,1.828936,0.412398,-1.5803,0.031075,0.022484
2026-05-26 11:20:00,0.342286,0.657807,0.350397,-0.05863,0.731484,2.196063,0.033429,-1.643619,0.242204,0.170834
2026-05-26 11:40:00,-0.149026,0.685741,0.367259,0.02919,0.721392,2.563189,-0.045367,-1.278531,0.653746,0.69303
2026-05-26 12:00:00,0.344665,0.561467,0.394401,-0.139136,0.721163,2.890545,-0.093278,-1.552753,0.175406,0.096195
,,,,,,,,,,
2026-05-27 06:40:00,-0.390394,-0.047105,-1.20941,0.050652,-2.023436,-1.089718,0.290641,0.669086,-0.054793,-0.112776
2026-05-27 07:00:00,0.077121,0.541447,0.371927,0.297872,-0.407439,-0.722592,0.167235,0.57704,0.494209,0.474218
2026-05-27 07:20:00,1.059455,1.564299,0.44948,0.038622,0.361695,-0.355466,0.189291,0.576118,1.404038,1.385206
2026-05-27 07:40:00,0.444523,0.919155,0.423517,-0.049607,0.575901,0.011661,0.091714,0.56074,0.572035,0.529084
2026-05-27 08:00:00,-0.234318,0.660018,0.41713,-0.143635,0.645648,0.378787,0.079716,0.667685,0.198319,0.133886
2026-05-27 08:20:00,-0.945262,-0.542648,0.421886,-0.506754,0.663287,0.452212,-0.202539,0.637261,-0.866556,-0.955067
,,,,,,,,,,
2026-05-27 10:00:00,-1.107417,-0.903329,-1.132909,0.334516,-1.357901,-1.089718,0.35799,0.585706,-0.87746,-0.931672
2026-05-27 10:20:00,-0.304341,0.77872,0.390273,0.008137,-0.125734,-0.722592,0.127077,0.760506,0.425865,0.38881
2026-05-27 10:40:00,0.351042,-0.208798,0.446532,-0.187545,0.462922,-0.355466,0.138656,0.536179,-0.43043,-0.484116
2026-05-27 11:00:00,1.035132,0.169574,0.457252,1.37616,0.583808,-0.187199,1.022671,0.530353,0.584087,0.690709
,,,,,,,,,,
2026-05-27 11:20:00,0.946084,0.808471,0.429502,-0.216755,0.670377,0.378787,0.034189,0.560408,0.404017,0.399672
2026-05-27 11:40:00,0.182359,0.782336,0.427291,0.032607,0.694359,0.745914,0.165506,0.612073,0.57427,0.522028
2026-05-27 12:00:00,0.141901,0.710264,0.431546,-0.03315,0.70589,1.11304,0.11639,0.562289,0.357063,0.314542
2026-05-27 12:20:00,-0.883311,-0.962022,0.428843,1.758936,0.699893,1.1161,2.265276,1.477775,-0.335226,-0.276258
,,,,,,,,,,
2026-05-28 06:20:00,-0.111563,0.437451,-0.762972,-0.131798,-1.655827,-0.97958,0.121183,0.534926,0.12018,0.051913
2026-05-28 06:40:00,-0.656127,-0.21676,0.391089,-0.042582,-0.079216,-0.612454,0.044562,0.701502,-0.409877,-0.455894
2026-05-28 07:00:00,-0.594611,0.003624,0.434818,0.078249,0.436291,-0.300397,0.285979,0.697187,-0.173892,-0.21508
,,,,,,,,,,
2026-05-28 09:20:00,-1.034199,-1.401331,-1.550643,-1.167667,-1.78161,-1.144787,-1.353669,2.144375,-1.390201,-1.314337
2026-05-28 09:40:00,0.283039,0.412478,0.356293,0.057461,-0.384384,-0.777661,0.116599,0.500224,0.128827,0.081248
2026-05-28 10:00:00,0.690566,0.169367,0.425247,-0.426825,0.274047,-0.560443,-0.377131,0.697113,-0.111669,-0.134871
,,,,,,,,,,
2026-05-28 11:00:00,-1.09916,-0.856004,-2.811903,0.970021,-1.515082,-1.288578,1.104401,0.528656,-0.651167,-0.676934
2026-05-28 11:20:00,0.884423,0.131628,-0.005174,-0.096718,-0.515348,-0.921451,-0.266299,1.080714,0.276709,0.29941
2026-05-28 11:40:00,0.515603,-0.307996,0.436135,0.956499,0.284001,-0.62469,0.944714,0.77747,0.11241,0.192093
,,,,,,,,,,
2026-05-28 13:00:00,-1.70629,-2.769534,0.419017,-0.582929,0.692976,0.56847,-0.354263,0.740223,-2.074448,-2.136019
,,,,,,,,,,
2026-05-29 06:00:00,-1.185877,-1.039833,-2.870205,0.838628,-2.941837,-1.236569,0.72483,-1.292139,-0.733191,-0.738669
2026-05-29 06:20:00,0.333579,0.276165,0.065087,-0.41672,-1.154908,-0.869442,-0.25865,-1.12855,0.033477,0.019513
2026-05-29 06:40:00,0.029056,-0.490828,0.379543,-0.879689,0.076823,-0.502316,-0.970064,-0.230875,-0.383997,-0.302995
2026-05-29 07:00:00,-1.940273,-3.252511,0.412462,-2.255122,0.362104,-0.48396,-2.965078,1.840393,-2.966335,-2.789019
,,,,,,,,,,
2026-05-29 07:20:00,-0.5227,0.270446,-1.229299,0.629808,-0.726704,-1.218213,0.425364,-1.384628,0.097287,0.083105
2026-05-29 07:40:00,-1.37779,-1.816881,0.268913,-1.558792,-0.014713,-0.851086,-1.764439,0.210108,-1.794934,-1.710557
2026-05-29 08:00:00,-1.131207,-1.122622,0.414103,-0.708788,0.423957,-0.514552,-0.714318,-0.505576,-1.190873,-1.193188
,,,,,,,,,,
2026-05-29 10:00:00,-1.454915,-1.8884,-0.900045,-1.034854,-1.368236,-1.004055,-1.182928,0.003335,-1.758151,-1.702016
2026-05-29 10:20:00,-0.984053,-1.477429,0.377744,-0.678376,-0.051547,-0.636928,-0.829499,-0.032658,-1.242486,-1.162088
2026-05-29 10:40:00,3.044614,0.443955,0.385321,1.447018,0.354771,-0.551265,1.555197,-1.729249,0.978209,1.109673
,,,,,,,,,,
2026-05-29 11:20:00,-0.157463,-0.199874,0.359614,-0.712782,0.660333,0.464451,-0.713349,-0.781716,-0.324343,-0.321191
2026-05-29 11:40:00,-1.219764,-1.512125,0.434818,-1.117477,0.677066,0.831577,-1.288338,-0.004078,-1.433605,-1.379415
2026-05-29 12:00:00,0.383919,0.877231,0.385006,-0.045589,0.681783,1.064091,0.093128,-1.468561,0.655793,0.624518
,,,,,,,,,,
2026-05-30 06:40:00,0.475948,0.795681,-1.145074,0.667391,-2.007665,-1.071362,0.49824,-0.019456,0.828907,0.82467
2026-05-30 07:00:00,-0.164358,0.311967,0.392652,-0.037361,-0.323975,-0.704236,0.033429,0.163384,-0.083408,-0.17414
2026-05-30 07:20:00,0.407869,1.341582,0.435722,-0.054804,0.39052,-0.337109,0.086475,0.124662,1.046657,1.047566
2026-05-30 07:40:00,0.890937,0.900645,0.426878,0.346787,0.617751,0.030017,0.458894,0.006359,0.885281,0.867374
2026-05-30 08:00:00,0.280964,0.587553,0.400513,-0.432359,0.6826,0.397143,-0.17417,0.132038,0.213337,0.137228
2026-05-30 08:20:00,-1.650625,-2.57707,0.416855,-0.360732,0.681839,0.52258,-0.266744,0.596327,-2.013498,-2.041513
,,,,,,,,,,
2026-05-30 10:00:00,0.823813,1.082371,-0.805001,0.363869,-1.14447,-1.013233,0.336902,0.082179,0.967598,0.946748
2026-05-30 10:20:00,-0.138424,0.582082,0.383562,-0.156868,0.040625,-0.646107,0.017502,0.197495,0.41891,0.391874
2026-05-30 10:40:00,2.824518,-0.014926,0.418466,0.720997,0.427236,-0.535969,0.789611,0.018049,0.215217,0.269146
,,,,,,,,,,
2026-05-30 11:20:00,0.668311,1.5864,0.432872,-0.0786,0.676478,0.455272,-0.135296,0.142622,1.300186,1.315116
2026-05-30 11:40:00,0.583129,0.932138,0.426632,-0.05081,0.693439,0.822399,0.05132,0.058282,0.658633,0.622104
2026-05-30 12:00:00,0.043061,0.457909,0.43187,-0.690406,0.697589,1.189525,-0.67864,0.713487,0.043712,0.038916
2026-05-30 12:20:00,-0.214553,0.19304,0.477319,0.107795,0.707848,1.556652,0.011608,0.298909,0.006887,0.003453
2026-05-30 12:40:00,-0.524083,-0.20571,0.479834,-0.185404,0.72182,1.718798,-0.110593,0.287256,-0.206936,-0.210067
,,,,,,,,,,
2026-05-31 08:00:00,-0.922385,-0.537421,-1.886992,0.007752,-2.487915,-1.163144,0.207183,-0.739196,-0.725296,-0.803375
2026-05-31 08:20:00,-0.446177,-0.241284,0.290365,-0.563296,-0.750015,-0.796017,-0.514919,-0.165749,-0.22469,-0.194007
2026-05-31 08:40:00,-0.761537,-0.476159,0.409927,-0.404088,0.241972,-0.428891,-0.51209,-0.081521,-0.553393,-0.537403
2026-05-31 09:00:00,-0.387738,0.042208,0.38421,-0.165097,0.540333,-0.061764,-0.032924,-0.737352,-0.135585,-0.18463
2026-05-31 09:20:00,0.069915,1.034897,0.399933,0.147086,0.635272,0.305362,0.136246,-0.798495,0.833669,0.831354
2026-05-31 09:40:00,0.091181,0.758674,0.401653,-0.032549,0.687615,0.672488,0.164196,-0.830136,0.510271,0.482109
2026-05-31 10:00:00,-1.039836,-1.418359,0.41885,-0.462627,0.711078,0.856051,-0.614042,0.468546,-1.023629,-0.991736
,,,,,,,,,,
2026-05-31 11:00:00,-0.105975,0.614905,-0.822757,0.57062,-0.778472,-1.071362,0.67202,-0.774229,0.757952,0.778995
2026-05-31 11:20:00,0.382163,1.358237,0.34229,0.02919,0.13003,-0.704236,0.009853,-0.774525,0.96035,0.901908
2026-05-31 11:40:00,1.276548,0.756295,0.38765,0.319117,0.522348,-0.337109,0.440767,-0.942023,0.685181,0.721066
2026-05-31 12:00:00,4.573254,-0.390992,0.399363,0.086742,0.623803,-0.330989,-0.1447,-0.827075,-0.367601,-0.318034
,,,,,,,,,,
2026-05-31 12:40:00,0.112018,0.790647,0.437245,-0.042413,0.728475,0.76427,0.08451,-0.777106,0.569612,0.521378
2026-05-31 13:00:00,-0.653243,-0.209341,0.417051,-0.48368,0.71269,1.131396,-0.498547,-0.120242,-0.229327,-0.224085
2026-05-31 13:20:00,-0.268551,0.362831,0.406321,-0.134805,0.717587,1.498523,0.02798,-0.773898,0.023743,-0.024862
2026-05-31 13:40:00,-1.470953,-2.219894,0.407225,-0.680084,0.713928,1.605602,-0.509182,-0.10479,-1.795247,-1.792901
,,,,,,,,,,
2026-06-01 07:20:00,-1.165703,-0.911251,-3.950605,1.241639,-2.925893,-1.309994,1.448844,0.918453,-0.631825,-0.684732
2026-06-01 07:40:00,-0.784242,-0.550367,-0.285805,-0.427138,-1.381849,-0.942868,-0.42761,1.423086,-0.490773,-0.466941
2026-06-01 08:00:00,-0.48467,-0.104521,0.468563,-0.519578,-0.01869,-0.575741,-0.62714,1.752218,-0.127731,-0.113055
2026-06-01 08:20:00,0.296525,0.859279,0.435309,-0.131004,0.480616,-0.208615,-0.015478,1.120358,0.818129,0.827362
2026-06-01 08:40:00,-0.148853,0.715116,0.459139,-0.121572,0.634407,0.158511,0.109396,0.900014,0.435703,0.395401
2026-06-01 09:00:00,-0.511683,0.37126,0.480797,-0.131052,0.673974,0.424678,-0.049846,0.851704,0.037842,0.003453
,,,,,,,,,,
2026-06-01 10:40:00,-1.05956,-0.975374,-0.840092,-0.736771,-1.105505,-1.043827,-0.827902,1.607031,-1.143814,-1.16311
2026-06-01 11:00:00,-0.627253,-1.203511,0.499272,-0.775027,0.025753,-0.676701,-0.91398,2.364387,-0.985635,-0.884512
2026-06-01 11:20:00,3.031895,0.194932,0.501316,-0.950859,0.37046,-0.652225,-0.645686,0.440593,-0.344103,-0.340129
,,,,,,,,,,
2026-06-01 11:20:00,-0.091791,-1.689884,0.50898,-0.231624,0.507089,-0.37994,-0.792931,2.590852,-1.197098,-1.021258
,,,,,,,,,,
2026-06-01 12:00:00,-0.859105,-0.838895,0.416137,-0.359264,0.669353,0.424678,-0.093278,1.095059,-0.907412,-0.963236
2026-06-01 12:20:00,-1.181554,-1.613067,0.47159,-1.018421,0.677239,0.791804,-1.221775,2.448873,-1.403234,-1.297813
2026-06-01 12:40:00,1.295221,1.124205,0.464465,0.636112,0.710096,1.158931,0.471547,0.79554,1.279592,1.294507
2026-06-01 13:00:00,0.892611,0.818138,0.470283,0.093961,0.733213,1.526057,-0.125918,1.077948,0.74095,0.757086
2026-06-01 13:20:00,0.265244,0.967187,0.457351,-0.104826,0.753481,1.804462,0.124746,0.883271,0.665777,0.610407
,,,,,,,,,,
2026-06-02 06:00:00,-0.155893,0.501489,-1.561364,0.51581,-2.217817,-1.144787,0.669348,0.597728,0.505446,0.463357
2026-06-02 06:20:00,0.114176,0.729636,0.360469,0.063091,-0.581815,-0.777661,-0.032924,0.57243,0.271383,0.181603
2026-06-02 06:40:00,-0.004831,0.381472,0.469546,-0.229458,0.277997,-0.410535,-0.293149,1.114826,0.35324,0.378877
2026-06-02 07:00:00,1.086599,1.515214,0.454314,-0.055623,0.561721,-0.043408,-0.076801,0.476843,1.105684,1.068825
2026-06-02 07:20:00,0.206792,0.891746,0.444979,0.157913,0.636254,0.323718,0.172474,0.594262,0.743854,0.740469
2026-06-02 07:40:00,0.106229,0.255866,0.405977,-0.739297,0.686965,0.651074,-0.589524,0.906357,-0.126144,-0.174604
,,,,,,,,,,
2026-06-02 09:00:00,-0.750299,-0.311321,-1.11866,0.499882,-1.044862,-1.123371,0.584816,0.651828,-0.322798,-0.367329
2026-06-02 09:20:00,0.200395,0.965748,0.368242,0.190996,-0.042382,-0.756245,0.291899,0.568742,0.879997,0.872851
2026-06-02 09:40:00,1.304212,0.822728,0.440144,-0.183936,0.463323,-0.389118,-0.138806,0.57704,0.50931,0.464006
2026-06-02 10:00:00,0.454426,-0.8341,0.448497,0.330498,0.620566,-0.049526,0.276312,1.032921,-0.506564,-0.469541
,,,,,,,,,,
2026-06-02 10:40:00,-0.500217,-0.752552,0.524045,-0.512215,0.736319,0.712261,-0.542188,1.20171,-0.916164,-0.904472
2026-06-02 11:00:00,0.104265,0.826643,0.483057,0.111212,0.729692,1.079387,0.275081,0.586554,0.599105,0.586456
2026-06-02 11:20:00,0.042715,0.088988,0.487637,0.01497,0.701795,1.446514,-0.08445,1.064746,0.159532,0.182531
2026-06-02 11:40:00,0.484634,0.315744,0.454039,-0.490056,0.705427,1.61478,-0.315205,0.559855,-0.067785,-0.148796
,,,,,,,,,,
2026-06-03 06:00:00,0.150968,0.147302,-0.835444,0.075771,-1.789156,-0.997937,-0.179854,0.716917,0.259227,0.282329
2026-06-03 06:20:00,-0.061078,0.804012,0.415086,0.059266,-0.140669,-0.63081,0.127942,-0.001644,0.567836,0.528434
2026-06-03 06:40:00,0.321885,1.143033,0.440635,-0.137428,0.43508,-0.263684,0.010063,-0.04988,0.854577,0.836088
2026-06-03 07:00:00,-1.666013,-2.679211,0.434622,-0.853728,0.530621,-0.211673,-0.324976,0.540642,-2.11593,-2.155885
,,,,,,,,,,
2026-06-03 08:00:00,-0.421819,-0.039065,-2.130351,2.240142,-1.444263,-1.233509,1.861028,0.223937,1.158278,1.293114
2026-06-03 08:20:00,0.948567,0.69715,0.194643,0.199225,-0.365998,-0.866382,-0.099303,-0.001644,0.426972,0.384447
2026-06-03 08:40:00,1.190965,1.5936,0.407962,0.255357,0.374956,-0.499256,0.176194,-0.051097,1.524098,1.521117
2026-06-03 09:00:00,-0.31571,-0.154114,0.398164,-0.829018,0.536411,-0.373822,-0.544022,0.033243,-0.737933,-0.844129
,,,,,,,,,,
2026-06-03 10:20:00,-0.285039,0.00413,-1.504605,1.295486,-1.412132,-1.160084,0.861465,0.124773,0.386012,0.409048
2026-06-03 10:40:00,0.453513,0.588995,0.335077,0.018171,-0.248806,-0.792957,0.080581,-0.004704,0.380791,0.340907
2026-06-03 11:00:00,0.610903,-0.220245,0.441697,-0.595368,0.421647,-0.425831,-0.376529,0.271878,-0.552328,-0.602851
2026-06-03 11:20:00,-0.116369,-1.732186,0.478105,-0.553335,0.55073,-0.187199,-0.896979,1.939225,-1.328667,-1.150855
,,,,,,,,,,
2026-06-03 12:20:00,0.939002,1.235587,0.44887,0.534866,0.697631,1.042675,0.394585,0.022179,1.230569,1.25236
2026-06-03 12:40:00,-0.445541,0.033863,0.445745,-0.245771,0.698233,1.195643,-0.087594,0.244588,-0.149872,-0.209789
,,,,,,,,,,
2026-06-04 07:40:00,-0.253973,-0.12646,-2.294182,0.777467,-2.692575,-1.199856,0.731745,-1.113651,0.376467,0.341836
2026-06-04 08:00:00,-0.603449,-0.862185,0.217981,-1.08259,-0.945945,-0.83273,-1.30581,0.145572,-0.981917,-0.953953
2026-06-04 08:20:00,-0.426059,-0.215018,0.387738,-0.143034,0.175165,-0.465603,-0.125499,-0.564027,-0.165997,-0.139327
2026-06-04 08:40:00,-0.175652,0.013881,0.341631,-0.645293,0.538258,-0.098477,-0.299698,-0.996712,-0.438576,-0.524777
2026-06-04 09:00:00,-0.222734,-0.594075,0.388632,-0.320479,0.643289,0.268649,-0.068943,-0.854106,-0.702048,-0.715646
2026-06-04 09:20:00,-0.68314,-2.114608,0.464475,-0.646881,0.689482,0.596005,-1.319563,1.015588,-1.559325,-1.368832
,,,,,,,,,,
2026-06-04 10:00:00,-1.631697,-2.423113,0.424431,-1.875642,0.736312,1.370028,-2.24219,1.448421,-2.134478,-1.997787
2026-06-04 10:20:00,0.566531,1.373281,0.434169,0.360838,0.745201,1.737155,0.121629,-0.990554,1.200909,1.207613
2026-06-04 10:40:00,0.482905,0.645236,0.414516,-0.040585,0.742206,2.104281,0.031674,-0.720425,0.586175,0.582835
2026-06-04 11:00:00,-0.437933,-0.095978,0.385439,-0.068639,0.718341,2.471407,-0.03185,-0.806166,-0.287039,-0.326761
2026-06-04 11:20:00,-1.010098,-0.507896,0.410831,1.991527,0.699893,2.489764,2.020794,-1.097499,0.099919,0.184852
,,,,,,,,,,
2026-06-05 06:20:00,1.030789,1.260451,-0.901214,0.82987,-1.870344,-0.997937,0.572451,-0.785993,1.333105,1.36339
2026-06-05 06:40:00,0.936464,0.786064,0.385036,-0.002281,-0.175601,-0.63081,0.150863,-0.793885,0.397125,0.318349
2026-06-05 07:00:00,0.952543,1.551334,0.417788,0.229492,0.425853,-0.263684,0.099363,-0.804027,1.359486,1.37091
2026-06-05 07:20:00,0.076429,0.411017,0.410831,-0.374205,0.62455,0.103442,-0.302736,-0.540647,0.060964,0.017657
2026-06-05 07:40:00,-0.308027,-0.053614,0.402753,-0.150132,0.670156,0.369609,-0.023651,-0.648403,-0.035911,-0.058468
,,,,,,,,,,
2026-06-05 10:00:00,-1.473456,-2.107079,-5.165837,3.755943,-2.855566,-1.337529,2.675679,-0.808636,-1.025906,-1.015874
2026-06-05 10:20:00,0.357328,1.049341,-0.714742,0.28423,-1.406523,-0.970402,0.381382,-0.753025,0.859778,0.821606
2026-06-05 10:40:00,0.029402,0.077129,0.350308,0.078321,0.017044,-0.603276,0.261329,-0.751771,-0.045686,-0.039994
2026-06-05 11:00:00,3.246921,0.285897,0.408767,3.752816,0.390423,-0.532909,2.86777,-1.028316,1.778652,1.92272
,,,,,,,,,,
2026-06-05 11:00:00,-1.969091,-3.224174,0.487519,-3.186498,0.609969,-0.236149,-3.710258,2.60623,-3.090322,-2.905062
2026-06-05 11:20:00,1.81273,-0.058326,0.499488,2.883275,0.633709,-0.122952,2.015345,-0.804654,0.787278,0.926324
,,,,,,,,,,
2026-06-05 12:20:00,-1.130301,-0.485414,0.404974,0.978683,0.720645,1.158931,1.303538,-0.729608,-0.316719,-0.3107
,,,,,,,,,,
2026-06-06 08:00:00,0.086132,0.342155,-1.233515,0.583733,-2.144087,-1.071362,0.632439,-0.87214,0.216784,0.153381
2026-06-06 08:20:00,0.473396,0.717477,0.323127,-0.050594,-0.422719,-0.704236,0.087994,-0.932471,0.379788,0.321041
2026-06-06 08:40:00,-0.749317,-0.660302,0.387404,-0.09371,0.317252,-0.337109,-0.050396,-0.355337,-0.609726,-0.647783
2026-06-06 09:00:00,0.819186,0.743893,0.395678,0.327346,0.593713,0.030017,0.274426,-0.919564,0.701118,0.671492
2026-06-06 09:20:00,0.455533,0.602559,0.414762,0.095573,0.665943,0.397143,0.177713,-0.662675,0.622269,0.643549
2026-06-06 09:40:00,0.814144,0.701021,0.41146,-0.489791,0.688825,0.596005,-0.15599,-0.962379,0.183197,0.093503
,,,,,,,,,,
2026-06-06 11:20:00,0.272423,0.951854,-1.735936,0.469542,-1.668866,-1.160084,0.612399,-0.944051,0.802066,0.785865
2026-06-06 11:40:00,-0.454241,-0.71643,0.281364,-0.223636,-0.364614,-0.792957,-0.390936,-0.421421,-0.47164,-0.450788
2026-06-06 12:00:00,0.730373,-0.041858,0.394361,0.300543,0.357068,-0.444187,0.026251,-0.428207,0.079011,0.133514
,,,,,,,,,,
2026-06-06 13:00:00,-0.700242,-0.108783,0.430573,-0.199383,0.763642,0.675548,0.055616,-0.938077,-0.388969,-0.442433
2026-06-06 13:20:00,0.241834,0.77295,0.438346,0.226894,0.745948,1.042675,0.262848,-0.896516,0.621266,0.632502
2026-06-06 13:40:00,-0.566913,-0.437866,0.427291,-0.728494,0.709522,1.409801,-0.631069,-0.404531,-0.68868,-0.708683
2026-06-06 14:00:00,-0.24187,0.674781,0.417464,0.07452,0.705655,1.776927,0.234688,-0.816934,0.430377,0.396887
2026-06-06 14:20:00,-1.325721,-1.890309,0.412659,-1.337774,0.705184,1.880947,-1.185573,0.358429,-1.804646,-1.802556
,,,,,,,,,,
2026-06-07 07:20:00,-0.427802,0.054961,-0.989173,0.045383,-1.861358,-1.053006,0.092709,0.912331,-0.126374,-0.180267
2026-06-07 07:40:00,-0.965664,-1.104442,0.417543,-0.938829,-0.286851,-0.685879,-1.091872,2.117897,-1.09922,-1.076216
2026-06-07 08:00:00,1.37245,1.619509,0.465281,-0.218222,0.375073,-0.318753,-0.061975,0.798305,1.234872,1.209006
2026-06-07 08:20:00,-1.462841,-2.223057,0.49597,-1.538942,0.534965,-0.046466,-1.767347,2.704251,-1.798234,-1.68382
,,,,,,,,,,
2026-06-07 10:20:00,-0.532348,0.372695,-0.742758,-0.075087,-1.142741,-0.994877,0.003121,0.919153,-0.061393,-0.133014
2026-06-07 10:40:00,-0.101113,-1.146328,0.439584,-0.116206,0.062601,-0.667523,-0.246312,1.785187,-0.87347,-0.80978
,,,,,,,,,,
2026-06-07 11:00:00,-1.906441,-3.068075,0.477977,-2.425445,0.527571,-0.260624,-2.980743,3.489781,-2.826473,-2.65478
2026-06-07 11:20:00,0.671707,0.963125,0.46872,-0.093301,0.597919,0.106502,0.145414,0.939067,0.637475,0.593047
2026-06-07 11:40:00,-1.203339,-1.745389,0.474125,-1.672068,0.626051,0.473629,-2.110008,2.851761,-1.645903,-1.517367
2026-06-07 12:00:00,-0.120616,0.488353,0.463895,-0.495518,0.67874,0.840755,-0.266508,0.913843,0.082708,0.00271
2026-06-07 12:20:00,-0.928574,-0.632464,0.439564,-0.460077,0.680082,0.908062,-0.051837,0.859227,-0.996872,-1.096176
,,,,,,,,,,
2026-06-08 07:00:00,-0.693126,-0.082995,-3.781359,1.471559,-3.071155,-1.291638,1.329524,-0.601716,0.142738,0.165264
2026-06-08 07:20:00,0.2333,0.487735,-0.208007,0.083542,-1.411538,-0.924511,0.070102,-0.426326,0.344029,0.294769
2026-06-08 07:40:00,-0.337481,0.313203,0.382579,0.087536,-0.006129,-0.557385,0.249095,-0.511772,0.1668,0.107799
2026-06-08 08:00:00,0.821434,1.693811,0.388878,-0.356569,0.491857,-0.190259,-0.242932,-0.554181,1.312134,1.261829
2026-06-08 08:20:00,0.552236,0.090243,0.380692,-0.46063,0.616423,0.176868,-0.386797,-0.217968,-0.116953,-0.140905
2026-06-08 08:40:00,0.374327,1.132523,0.403618,0.150911,0.655332,0.543994,0.296902,-0.542491,0.814473,0.767112
2026-06-08 09:00:00,-0.78835,-0.473049,0.399363,-0.722984,0.664774,0.623539,-0.71293,-0.405822,-1.095126,-1.228558
,,,,,,,,,,
2026-06-08 10:40:00,-0.366009,-0.093112,-4.32238,2.687665,-2.412863,-1.316112,2.558664,-0.347666,0.669662,0.756065
2026-06-08 11:00:00,-0.218931,0.002397,-0.401839,-0.502928,-1.099107,-0.948986,-0.384597,-0.115337,-0.132431,-0.154923
2026-06-08 11:20:00,-0.03699,0.787245,0.37291,0.008739,0.123514,-0.58186,0.316339,-0.451845,0.570405,0.512002
2026-06-08 11:40:00,2.076056,0.677746,0.410173,1.57574,0.488322,-0.367702,1.944932,-0.715926,1.90715,1.97675
,,,,,,,,,,
2026-06-08 12:40:00,-0.281408,0.467258,0.431438,0.157215,0.714412,0.886646,0.172238,-0.484445,0.433761,0.389924
2026-06-08 13:00:00,-1.089879,-0.583559,0.39952,-0.074775,0.702729,1.073269,0.103082,-0.465859,-0.709275,-0.766426
,,,,,,,,,,
2026-06-09 06:00:00,-0.330047,-0.01068,-3.733326,1.312472,-3.023883,-1.291638,1.34697,-0.23294,0.39537,0.395216
2026-06-09 06:20:00,-0.108914,0.445282,-0.180414,0.344597,-1.390959,-0.924511,0.463688,-0.108884,0.374337,0.382497
2026-06-09 06:40:00,0.401472,1.043103,0.413199,-0.175323,-0.007512,-0.557385,-0.294223,-0.215829,0.586384,0.518965
2026-06-09 07:00:00,-0.019756,0.056184,0.423193,0.287646,0.449607,-0.190259,0.22552,-0.143291,0.08722,0.088397
2026-06-09 07:20:00,0.367813,0.235867,0.430072,-0.346344,0.62334,0.176868,-0.409718,0.263875,0.027023,0.038544
2026-06-09 07:40:00,-0.614487,-0.633973,0.436931,-0.332749,0.65538,0.366551,-0.099067,-0.141262,-0.800072,-0.838838
,,,,,,,,,,
2026-06-09 09:40:00,0.008578,0.543114,-3.090884,0.933161,-2.237213,-1.261043,0.883469,-0.281803,0.614854,0.640857
2026-06-09 10:00:00,0.542436,0.659081,0.019069,0.061287,-0.83354,-0.893917,-0.014823,-0.098447,0.435891,0.424459
2026-06-09 10:20:00,0.688581,0.756725,0.401584,1.246691,0.15938,-0.609394,1.550666,-0.098853,1.601632,1.646722
,,,,,,,,,,
2026-06-09 10:40:00,-1.969091,-3.265925,0.467168,-2.95689,0.603052,-0.159664,-3.681077,3.273715,-3.09193,-2.909054
2026-06-09 11:00:00,0.401645,0.087339,0.512449,0.282233,0.686003,0.207462,0.193011,-0.021004,-0.011013,-0.044636
2026-06-09 11:20:00,0.296697,0.533991,0.444979,0.326937,0.707273,0.574589,0.559092,-0.146978,0.596222,0.58627
2026-06-09 11:40:00,-0.874638,-0.8525,0.425473,-0.917873,0.705468,0.779568,-0.79686,0.406665,-1.021603,-1.018844
,,,,,,,,,,
2026-06-10 07:00:00,-0.936659,-0.549433,-2.261106,0.719192,-2.476598,-1.218213,0.639302,0.878072,-0.347006,-0.355168
2026-06-10 07:20:00,-0.357938,-0.237312,0.211348,-1.081194,-0.892683,-0.851086,-1.134676,1.762028,-0.458711,-0.417367
2026-06-10 07:40:00,-0.453376,-0.492852,0.481662,-0.939623,0.141098,-0.48396,-0.983607,2.199654,-0.512433,-0.464063
2026-06-10 08:00:00,0.607044,0.794701,0.443996,-0.505743,0.496644,-0.116833,-0.31345,1.120063,0.336134,0.301545
2026-06-10 08:20:00,-0.236455,-0.228713,0.472081,-0.377213,0.635272,0.250293,-0.676466,1.966699,-0.092369,-0.021427
2026-06-10 08:40:00,0.968201,0.008721,0.474154,1.145854,0.670301,0.4155,1.24803,0.811249,0.220564,0.24538
,,,,,,,,,,
2026-06-10 09:20:00,-1.594704,-2.226088,0.47555,-2.100438,0.758731,1.351672,-2.408976,3.082984,-2.211802,-2.091458
2026-06-10 09:40:00,0.325108,-0.414579,0.480758,0.198022,0.722201,1.718798,-0.229389,1.445212,-0.13477,-0.091053
2026-06-10 10:00:00,-0.993618,-1.288378,0.500746,-1.124286,0.717241,2.085925,-1.327631,2.283256,-1.292239,-1.209063
2026-06-10 10:20:00,1.433482,1.337966,0.484364,0.263177,0.72889,2.453051,0.250405,0.792479,1.205045,1.213555
2026-06-10 10:40:00,-0.135021,0.768004,0.431742,-0.335468,0.707536,2.774287,-0.094798,0.943234,0.175197,0.091275
,,,,,,,,,,
2026-06-11 08:00:00,-0.649059,-0.331935,-1.368436,0.645688,-2.137238,-1.108075,0.619996,0.107145,-0.229452,-0.259363
2026-06-11 08:20:00,0.380206,0.597519,0.366768,-0.530598,-0.45909,-0.740948,-0.705936,0.509738,0.259853,0.224957
2026-06-11 08:40:00,-0.965899,-0.971202,0.421798,0.00934,0.295809,-0.373822,-0.209533,0.958723,-0.606176,-0.548172
2026-06-11 09:00:00,1.427202,1.032611,0.459061,0.430011,0.568521,-0.006696,0.206764,-0.020672,1.005509,0.98546
2026-06-11 09:20:00,1.484603,1.253586,0.435064,-0.261531,0.669056,0.360431,-0.194471,0.011595,0.703541,0.650697
2026-06-11 09:40:00,-1.891634,-3.110353,0.409681,-1.488006,0.699893,0.42162,-1.89979,2.065973,-2.714706,-2.603163
,,,,,,,,,,
2026-06-11 10:40:00,-0.261753,0.156573,-3.202133,2.358952,-1.659749,-1.297756,2.099904,0.085646,0.706006,0.739726
2026-06-11 11:00:00,-0.51216,0.002509,-0.142414,-0.182324,-0.646256,-0.93063,-0.210188,0.53157,-0.146425,-0.170241
2026-06-11 11:20:00,1.00493,0.076598,0.43867,0.672467,0.19701,-0.655285,0.806481,0.211656,0.413438,0.439312
,,,,,,,,,,
2026-06-11 12:40:00,-0.320095,-0.238748,0.46025,-0.585936,0.764666,0.905002,-0.615247,0.451767,-0.658122,-0.720195
2026-06-11 13:00:00,-1.387763,-1.849516,0.455788,-0.8045,0.71482,1.272129,-1.107825,1.498685,-1.463557,-1.368832
2026-06-11 13:20:00,-0.398285,-0.638588,0.444645,-0.49713,0.717186,1.639255,-0.73737,0.846541,-0.690289,-0.70989
2026-06-11 13:40:00,-1.80657,-3.067414,0.458324,-0.731309,0.70681,1.645373,-0.380458,1.164316,-2.331006,-2.156164
,,,,,,,,,,
2026-06-12 06:40:00,-1.306329,-1.466731,-5.069211,2.127853,-3.486189,-1.32835,2.422448,-1.589225,-0.660378,-0.675448
2026-06-12 07:00:00,0.450574,0.746853,-0.650701,0.171146,-1.765064,-0.961224,0.237962,-1.627319,0.497216,0.444697
2026-06-12 07:20:00,0.554138,0.71787,0.349414,0.001328,-0.109825,-0.594098,-0.005419,-1.578456,0.475264,0.454166
2026-06-12 07:40:00,1.473247,1.314192,0.378894,0.069708,0.447185,-0.226971,0.211348,-1.73703,1.149568,1.146157
2026-06-12 08:00:00,0.233245,0.643269,0.40182,-0.07066,0.626861,0.140155,0.035184,-1.319096,0.427933,0.424644
2026-06-12 08:20:00,1.039807,0.259456,0.404385,0.956836,0.660873,0.42162,1.239674,-1.318506,1.32876,1.436823
,,,,,,,,,,
2026-06-12 09:00:00,0.292894,0.991676,0.383886,-0.53642,0.795005,1.241534,-0.246862,-1.60888,0.564494,0.539017
2026-06-12 09:20:00,-0.478218,-0.473387,0.378648,-0.556871,0.757942,1.60866,-0.517774,-0.803105,-0.54201,-0.529326
2026-06-12 09:40:00,-0.433611,-0.47629,0.388878,0.195423,0.721627,1.975787,-0.038608,-1.008402,-0.26118,-0.224178
2026-06-12 10:00:00,1.281797,0.910312,0.377086,0.025389,0.711707,2.342913,-0.018517,-1.696465,0.644785,0.627767
2026-06-12 10:20:00,0.907936,0.71862,0.377744,-0.160886,0.710151,2.71004,-0.255585,-1.587676,0.295257,0.248908
2026-06-12 10:40:00,-0.028518,0.755265,0.370541,-0.026534,0.719725,3.077166,0.087339,-1.496404,0.51025,0.481181
2026-06-12 11:00:00,0.134079,0.172635,0.336236,-0.359841,0.697728,3.380045,-0.166651,-1.52196,0.013717,-0.066266
,,,,,,,,,,
2026-06-13 07:40:00,-0.980132,-0.752569,-4.772768,4.758465,-3.27982,-1.32835,4.470063,-0.372264,0.849773,0.983232
2026-06-13 08:00:00,-0.201703,0.647953,-0.567665,-0.106751,-1.653696,-0.961224,-0.055635,-0.3827,0.265033,0.231362
2026-06-13 08:20:00,-1.417265,-2.022024,0.40747,-1.493227,-0.114266,-0.594098,-1.986026,1.742372,-1.807863,-1.681128
2026-06-13 08:40:00,-0.363346,0.453122,0.451474,-0.073499,0.419945,-0.230029,-0.022315,-0.346265,0.148691,0.105478
,,,,,,,,,,
2026-06-13 10:00:00,-0.420201,0.473197,-1.632981,0.433861,-1.351254,-1.17844,0.614495,-0.317168,0.143177,0.028054
2026-06-13 10:20:00,-0.765168,-0.774901,0.298315,-1.2891,-0.273653,-0.811314,-1.396394,0.862214,-0.900582,-0.852113
2026-06-13 10:40:00,-0.111279,0.642351,0.416069,-0.291799,0.406429,-0.444187,-0.110646,-0.473345,0.317293,0.284
2026-06-13 11:00:00,-1.280478,-1.035889,0.40919,0.239694,0.550681,-0.422771,0.102297,-0.366105,-0.936487,-0.945969
,,,,,,,,,,
2026-06-13 11:20:00,-0.485825,0.510745,-0.732538,0.579979,-0.384121,-1.166202,0.651823,-0.352977,0.424257,0.381755
2026-06-13 11:40:00,-1.015803,-0.905706,0.368822,-1.302333,0.181329,-0.799075,-1.349897,0.972847,-1.174686,-1.151041
2026-06-13 12:00:00,0.047355,-0.592442,0.418427,0.358576,0.491719,-0.542087,0.506753,-0.41482,-0.46291,-0.449303
,,,,,,,,,,
2026-06-13 12:40:00,0.912667,0.235296,0.434995,0.036938,0.678498,0.302304,0.073665,-0.266499,0.079867,0.10028
2026-06-13 13:00:00,-0.082344,-0.747755,0.443751,-1.447513,0.687096,0.66943,-1.712284,0.94766,-0.922681,-0.853413
2026-06-13 13:20:00,-0.335289,0.005207,0.450629,-0.088296,0.684903,1.036556,-0.030959,-0.077833,-0.132514,-0.141091
2026-06-13 13:40:00,-1.438497,-1.578639,0.419017,-0.505406,0.679141,1.091625,-0.409561,-0.321041,-1.335601,-1.347944
,,,,,,,,,,
2026-06-14 06:20:00,-1.073723,-0.930548,-2.891284,0.431599,-2.741659,-1.254925,0.539864,0.466112,-0.897511,-0.915241
2026-06-14 06:40:00,0.059887,0.123947,0.062228,0.433211,-1.11761,-0.887799,0.486609,0.305067,0.343716,0.353811
2026-06-14 07:00:00,0.643967,0.988228,0.417091,-0.441069,0.072769,-0.545147,-0.296973,0.289136,0.474783,0.404871
,,,,,,,,,,
2026-06-14 09:00:00,-0.02533,0.856456,-0.966149,0.173889,-1.340906,-1.046886,0.160817,0.340581,0.558103,0.516272
2026-06-14 09:20:00,-0.670878,-1.154913,0.437029,-0.836765,-0.077431,-0.679759,-1.292058,2.017405,-0.891015,-0.780909
2026-06-14 09:40:00,-0.749898,-0.581962,0.450285,-0.553912,0.343088,-0.511494,-0.12707,0.453242,-0.682748,-0.747674
,,,,,,,,,,
2026-06-14 10:20:00,0.479987,1.303252,-1.260519,0.716666,-0.83794,-1.202914,0.46615,0.354963,1.143678,1.145321
2026-06-14 10:40:00,0.218321,0.568799,0.299455,-0.103334,-0.055697,-0.835788,0.111151,0.323211,0.20822,0.155795
2026-06-14 11:00:00,3.686593,2.437086,0.450138,4.821624,0.389482,-0.762363,5.383627,0.396044,6.91492,7.12342
,,,,,,,,,,
2026-06-14 11:40:00,-0.050192,0.17434,0.419695,0.614819,0.689635,0.265591,0.5034,0.332652,0.440278,0.422231
2026-06-14 12:00:00,1.216962,1.056086,0.430072,0.332952,0.702086,0.632717,0.298002,0.282019,0.861553,0.85187
2026-06-14 12:20:00,1.343355,0.195632,0.42448,-0.319035,0.710435,0.825459,-0.274419,0.316426,-0.310558,-0.413933
,,,,,,,,,,
2026-06-15 06:40:00,-0.070573,-0.004872,-0.943076,0.307063,-1.900987,-1.016293,0.347669,-0.257537,0.205713,0.240274
2026-06-15 07:00:00,-0.007425,0.460476,0.395265,-0.240671,-0.242636,-0.649167,-0.075072,-0.132854,0.341982,0.353904
2026-06-15 07:20:00,-0.716405,-0.526854,0.402301,-0.341748,0.348041,-0.352406,-0.200601,-0.340254,-0.739583,-0.805231
,,,,,,,,,,
2026-06-15 08:40:00,0.612258,1.298168,-1.547832,1.009384,-1.368595,-1.166202,1.095364,-0.458004,1.719979,1.746798
2026-06-15 09:00:00,0.337383,0.561006,0.283978,-0.318867,-0.21745,-0.799075,-0.068288,-0.583978,0.2101,0.107242
2026-06-15 09:20:00,0.26817,0.937889,0.383395,0.07772,0.414329,-0.431949,0.052211,-0.481643,0.653516,0.623497
2026-06-15 09:40:00,-0.813765,-0.580336,0.40237,-0.835562,0.562703,-0.321811,-0.67589,-0.313849,-0.704116,-0.775803
,,,,,,,,,,
2026-06-15 11:00:00,-0.266131,0.486592,-0.63318,0.527456,-0.905715,-0.97958,0.578948,-0.211846,0.625652,0.624704
2026-06-15 11:20:00,0.896816,1.148091,0.427045,-0.220821,0.175684,-0.612454,-0.046022,-0.570776,0.7087,0.656453
2026-06-15 11:40:00,1.110894,0.170514,0.440046,0.469254,0.501749,-0.327931,0.511599,-0.593308,0.122916,0.161551
,,,,,,,,,,
2026-06-15 12:40:00,1.253069,1.06702,0.400405,0.3727,0.727894,0.856051,0.199874,-0.319639,1.133652,1.129075
2026-06-15 13:00:00,-0.337889,0.002736,0.387778,-0.075039,0.740366,1.061031,0.159088,-0.519663,-0.105653,-0.15251
,,,,,,,,,,
2026-06-16 07:20:00,-0.475569,-0.276992,-2.314042,-0.098715,-2.708574,-1.199856,-0.19654,-0.432927,-0.1703,-0.134314
2026-06-16 07:40:00,0.309837,-0.001968,0.196117,-0.597173,-0.962436,-0.83273,-0.864627,-0.061865,0.108462,0.171762
2026-06-16 08:00:00,-0.823316,-0.893884,0.429659,-0.594165,0.120173,-0.465603,-0.71031,-0.008392,-0.723207,-0.681668
2026-06-16 08:20:00,0.056318,0.404141,0.39617,0.174755,0.499521,-0.098477,0.28032,-1.053245,0.334692,0.325033
2026-06-16 08:40:00,0.351796,1.278371,0.377911,-0.101337,0.638848,0.268649,0.032329,-1.066153,0.952518,0.891047
2026-06-16 09:00:00,-0.194967,0.291728,0.382009,-0.646063,0.668987,0.412442,-0.460721,-1.040891,-0.081236,-0.17971
,,,,,,,,,,
2026-06-16 09:40:00,-0.550287,-0.696394,-2.952308,2.625108,-1.260348,-1.306934,2.287437,-0.936307,0.094092,0.17724
2026-06-16 10:00:00,-1.04514,-0.925227,-0.154697,-1.467748,-0.433959,-0.939808,-1.537194,0.283863,-1.273253,-1.24564
2026-06-16 10:20:00,-0.214608,0.316763,0.426554,-0.507957,0.309242,-0.572681,-0.349469,-0.520991,0.065038,0.027219
2026-06-16 10:40:00,0.642446,0.003469,0.4211,0.821232,0.577894,-0.226971,0.971957,-1.099416,0.332332,0.359846
,,,,,,,,,,
2026-06-16 11:40:00,-1.144527,-1.472414,0.437501,-1.382141,0.745014,0.895824,-1.657536,0.582903,-1.35981,-1.290479
2026-06-16 12:00:00,0.586241,1.356663,0.41148,0.247153,0.722256,1.26295,0.141275,-1.045575,1.242558,1.217918
2026-06-16 12:20:00,-0.601374,-0.938847,0.385684,-1.328799,0.711943,1.630077,-1.380677,0.229763,-1.130321,-1.10221
2026-06-16 12:40:00,-0.37937,-0.203605,0.456378,-0.191804,0.706962,1.908482,-0.224438,-0.291539,-0.126165,-0.067287
,,,,,,,,,,
2026-06-17 08:00:00,-1.354276,-1.29812,-2.94369,-0.288599,-2.783626,-1.254925,0.050011,0.124367,-1.338797,-1.437622
2026-06-17 08:20:00,-1.169279,-1.286505,0.04961,-0.520781,-1.156347,-0.887799,-0.502057,0.806308,-1.291174,-1.292893
2026-06-17 08:40:00,0.772905,1.044826,0.425237,-0.08909,0.076187,-0.520672,-0.020062,0.183666,0.691552,0.623032
2026-06-17 09:00:00,-0.65993,0.058076,0.4313,-0.028747,0.386888,-0.459483,0.125113,0.148338,-0.219092,-0.263726
,,,,,,,,,,
2026-06-17 09:40:00,0.730415,1.120508,-0.295337,0.513501,-0.367997,-0.985699,0.560794,0.15988,1.240198,1.24549
2026-06-17 10:00:00,0.23682,0.375796,0.444399,-0.406687,0.361294,-0.618572,-0.428265,0.734987,0.299602,0.287806
2026-06-17 10:20:00,0.3051,0.383149,0.458206,-0.413929,0.57393,-0.370762,-0.240418,0.11784,-0.006167,-0.080284
,,,,,,,,,,
2026-06-17 11:00:00,-1.383551,-2.429314,-3.239799,4.894791,-1.16776,-1.337529,3.758413,0.777101,-1.064192,-1.056071
2026-06-17 11:20:00,-0.924342,-0.633174,-0.310785,0.101973,-0.39384,-0.970402,0.232304,0.262658,-0.706748,-0.74953
2026-06-17 11:40:00,3.177577,0.299832,0.422761,1.491986,0.177808,-0.906155,1.481903,-0.164163,0.668659,0.780759
,,,,,,,,,,
2026-06-17 12:20:00,-0.835149,-0.349912,0.395256,-0.560047,0.670716,0.130977,-0.332835,0.13945,-0.800929,-0.893517
2026-06-17 12:40:00,-1.575153,-2.310306,0.38198,-0.617479,0.680739,0.210522,-0.563826,0.470722,-2.01118,-2.08793
,,,,,,,,,,
2026-06-18 06:40:00,0.317735,1.404717,-1.562975,0.268206,-2.331682,-1.126431,0.419235,-0.718507,1.301941,1.283459
2026-06-18 07:00:00,-0.541096,-0.165502,0.30822,0.129642,-0.610287,-0.759305,0.256299,-0.687567,-0.111147,-0.14991
2026-06-18 07:20:00,0.037473,0.668823,0.378648,-0.041571,0.272525,-0.392178,0.069238,-0.73241,0.422022,0.37897
2026-06-18 07:40:00,0.055564,0.550814,0.399688,-0.043183,0.564197,-0.025052,0.11026,-0.664814,0.311549,0.286692
2026-06-18 08:00:00,-0.131792,0.15529,0.404355,-0.458826,0.651244,0.342075,-0.549209,-0.04988,0.113914,0.174269
2026-06-18 08:20:00,-0.025129,0.567995,0.395698,-0.248129,0.682856,0.547054,-0.011758,-0.63911,0.185077,0.116247
,,,,,,,,,,
2026-06-18 10:00:00,-0.333913,0.322776,-1.778004,-0.275582,-1.672013,-1.166202,-0.226848,-0.314218,0.088285,0.045229
2026-06-18 10:20:00,-0.679412,-0.05184,0.260394,-0.191948,-0.384093,-0.799075,-0.075937,-0.516381,-0.431767,-0.4895
2026-06-18 10:40:00,0.450228,0.199878,0.35817,-0.11356,0.354322,-0.431949,0.180123,-0.794512,-0.090322,-0.112405
2026-06-18 11:00:00,2.43695,2.003287,0.38819,3.278971,0.582161,-0.27592,3.860103,-0.785514,5.378388,5.641497
,,,,,,,,,,
2026-06-18 11:20:00,0.637266,1.69187,0.419872,0.759903,0.736886,0.302304,0.38945,-0.893602,1.58087,1.601419
2026-06-18 11:40:00,0.161438,0.338364,0.420166,-0.07848,0.735634,0.66943,-0.540905,-0.24747,0.103115,0.119404
2026-06-18 12:00:00,0.516219,0.61706,0.424254,-0.225031,0.719316,1.036556,-0.324793,-0.429424,0.398691,0.425851
2026-06-18 12:20:00,0.510783,0.895316,0.418791,-0.758449,0.695549,1.168109,-0.415193,-0.721163,0.092859,-0.015485
,,,,,,,,,,
2026-06-19 07:20:00,0.338095,1.124302,-2.131933,0.672203,-2.670848,-1.1815,0.761949,-1.461517,1.007744,0.947305
2026-06-19 07:40:00,-1.069864,-1.625825,0.237222,-1.924894,-0.91073,-0.814374,-2.193834,0.497753,-1.622864,-1.529157
2026-06-19 08:00:00,0.139882,0.458059,0.410743,-0.266752,0.140233,-0.447247,-0.316725,-1.01268,0.287696,0.285764
2026-06-19 08:20:00,-0.28701,0.222713,0.425424,-0.242788,0.503187,-0.104595,-0.323614,-0.981187,0.169182,0.195342
,,,,,,,,,,
2026-06-19 10:00:00,-0.5721,-0.557034,-4.017751,1.9583,-2.311082,-1.303874,1.943439,-1.353909,-0.105612,-0.100522
2026-06-19 10:20:00,0.764032,1.122462,-0.326262,0.383479,-1.026649,-0.936748,0.303032,-1.465058,1.052797,1.092313
2026-06-19 10:40:00,-0.496372,-0.990592,0.364066,-1.353076,0.124898,-0.569621,-1.616671,0.150181,-1.021143,-0.941606
2026-06-19 11:00:00,1.191028,0.298797,0.398793,-0.098715,0.510416,-0.202495,0.019886,-1.516059,0.175322,0.128594
2026-06-19 11:20:00,-0.256511,-0.468622,0.400267,0.037395,0.650275,0.097324,-0.148708,-0.904592,-0.144546,-0.107949
,,,,,,,,,,
2026-06-19 12:00:00,-0.809194,-0.579518,-0.278956,0.161883,-0.09487,-1.022411,0.349555,-1.31622,-0.445051,-0.487272
2026-06-19 12:20:00,-0.455824,-1.388163,0.439594,-0.729047,0.384944,-0.72871,-0.953482,-0.01846,-1.200335,-1.079744
,,,,,,,,,,
2026-06-19 13:20:00,-1.092437,-1.262697,0.381272,-1.424271,0.693771,0.446094,-1.667961,0.148227,-1.355403,-1.277111
2026-06-19 13:40:00,-0.770811,-1.001439,0.42565,-0.727507,0.707038,0.813221,-1.100622,0.084429,-0.758423,-0.658552
2026-06-19 14:00:00,0.455111,0.769081,0.392937,0.051831,0.714239,1.061031,0.180647,-1.42464,0.517289,0.488329
,,,,,,,,,,
2026-06-20 07:40:00,0.08125,0.791722,-2.72308,1.334535,-2.789852,-1.236569,1.272759,-0.527961,1.215426,1.255238
2026-06-20 08:00:00,0.481121,0.999395,0.105465,0.241932,-1.082505,-0.869442,0.315475,-0.554808,0.914398,0.883434
2026-06-20 08:20:00,0.764205,0.900682,0.412138,0.317529,0.086971,-0.502316,0.51456,-0.542491,0.888749,0.88102
2026-06-20 08:40:00,0.036262,-0.064542,0.420982,-0.834576,0.48696,-0.13519,-0.928806,0.358835,-0.348552,-0.340964
2026-06-20 09:00:00,-0.709434,-0.36186,0.40976,-0.28179,0.622129,0.231937,-0.248617,0.116992,-0.397052,-0.389053
2026-06-20 09:20:00,-0.55602,0.28765,0.425571,-0.265549,0.68583,0.599063,0.044117,-0.51793,-0.09686,-0.181288
2026-06-20 09:40:00,-0.47597,0.339507,0.426878,0.143693,0.698973,0.690845,0.033429,-0.532054,-0.053101,-0.104514
,,,,,,,,,,
2026-06-20 10:00:00,0.005487,0.844029,-0.597725,0.426402,-0.208686,-1.163144,0.563885,-0.530837,0.890649,0.861618
2026-06-20 10:20:00,0.82633,1.070024,0.354573,-0.216827,0.310051,-0.796017,0.026016,-0.585822,0.762924,0.716703
2026-06-20 10:40:00,1.357311,-0.246445,0.410713,0.625044,0.549076,-0.5788,0.564802,-0.282467,0.023764,0.137228
,,,,,,,,,,
2026-06-20 11:20:00,-0.192422,0.84564,0.408532,0.04264,0.650089,0.305362,0.184498,-0.48533,0.354619,0.299596
2026-06-20 11:40:00,0.777463,0.634127,0.433511,0.082339,0.699146,0.672488,-0.059119,-0.076911,0.775853,0.81288
2026-06-20 12:00:00,-0.425713,-0.1608,0.422623,0.42159,0.718396,1.039615,0.217451,-0.136837,0.185975,0.218365
2026-06-20 12:20:00,2.048642,1.34754,0.427694,-0.104345,0.728655,1.406741,-0.132466,-0.694611,0.878409,0.829868
2026-06-20 12:40:00,-1.316378,-1.499779,0.420098,-0.930288,0.701968,1.71268,-1.094282,0.731373,-1.475337,-1.446349
,,,,,,,,,,
2026-06-21 06:00:00,-1.472308,-1.954259,-1.415191,-0.430555,-2.272131,-1.089718,-0.31497,-0.678237,-1.609079,-1.619486
2026-06-21 06:20:00,-0.062004,-0.456582,0.386097,-0.736722,-0.507912,-0.722592,-0.898027,-0.3827,-0.392248,-0.350341
2026-06-21 06:40:00,-0.350912,-0.694155,0.40239,-0.049992,0.306939,-0.355466,0.120319,-1.206288,-0.521498,-0.556341
2026-06-21 07:00:00,0.641969,0.732465,0.391423,0.289451,0.583455,0.011661,0.246712,-1.373786,0.785774,0.772961
2026-06-21 07:20:00,-0.363879,-0.236244,0.400837,-0.483896,0.663003,0.378787,-0.616217,-0.720757,-0.291696,-0.268368
2026-06-21 07:40:00,-1.716664,-2.939456,0.389536,-0.224045,0.684903,0.4155,-0.168721,-1.497031,-2.216815,-2.287711
,,,,,,,,,,
2026-06-21 09:00:00,-0.479635,-0.396321,-1.926299,0.542541,-1.688732,-1.1815,0.445666,-0.958876,-0.001488,0.012086
2026-06-21 09:20:00,0.817575,0.836573,0.238283,0.618476,-0.4211,-0.814374,0.847241,-1.357191,1.142529,1.122577
2026-06-21 09:40:00,5.592179,2.785643,0.428843,0.828595,0.139597,-0.805195,2.23908,-2.160827,3.631271,3.582607
,,,,,,,,,,
2026-06-21 10:00:00,-1.621572,-2.824614,0.35023,0.61607,0.646284,-0.080121,0.012473,-1.05756,-2.062604,-2.123671
2026-06-21 10:20:00,-0.378803,-0.123575,0.375042,-0.788861,0.678332,0.287006,-0.848701,-0.51391,-0.152692,-0.082141
2026-06-21 10:40:00,1.117139,1.028302,0.366277,0.203435,0.68352,0.654132,0.194976,-1.370393,0.914628,0.895596
2026-06-21 11:00:00,1.40633,1.000258,0.357364,-0.039261,0.69079,0.944775,-0.040468,-1.514363,0.546448,0.504575
,,,,,,,,,,
2026-06-22 08:20:00,0.541088,0.529313,-0.942899,0.463696,-1.883182,-1.016293,0.4738,-0.339479,0.492183,0.467627
2026-06-22 08:40:00,0.064901,-0.738799,0.379543,-1.078788,-0.23549,-0.649167,-1.280925,0.916314,-0.9109,-0.854062
2026-06-22 09:00:00,0.439682,0.431044,0.412059,0.076517,0.38758,-0.28204,0.232068,-0.327384,0.253107,0.250301
2026-06-22 09:20:00,3.24762,-0.326715,0.419017,0.74294,0.563437,-0.214733,0.875741,-0.612521,0.01236,0.090903
,,,,,,,,,,
2026-06-22 09:20:00,-1.969091,-3.24602,0.417159,-3.130509,0.596134,0.085086,-3.759663,2.754552,-3.096233,-2.878604
2026-06-22 09:40:00,0.396458,0.280287,0.436705,-0.318674,0.640114,0.452212,-0.212362,0.038627,0.144952,0.15598
2026-06-22 10:00:00,-1.586301,-2.356661,0.44489,-2.085497,0.672971,0.819339,-2.465611,2.086551,-2.270266,-2.161734
2026-06-22 10:20:00,-0.478681,-0.066565,0.432853,-0.129993,0.691364,1.186465,0.000475,-0.158373,-0.213766,-0.300117
2026-06-22 10:40:00,0.398533,0.696607,0.429905,-0.032765,0.701968,1.553592,0.066618,-0.323696,0.309085,0.249372
2026-06-22 11:00:00,-0.669668,-0.392978,0.438503,-0.603597,0.681216,1.920718,-0.609458,0.405559,-0.571315,-0.593475
2026-06-22 11:20:00,-0.365262,0.217826,0.433757,-0.121379,0.711998,2.287844,0.124248,-0.277894,-0.030041,-0.097273
2026-06-22 11:40:00,-0.59497,-0.183027,0.455012,-0.494627,0.728316,2.596844,-0.451788,0.318122,-0.428425,-0.438998
,,,,,,,,,,
2026-06-23 08:00:00,-0.363533,0.305878,-0.715155,0.229492,-1.63715,-0.97958,0.257845,0.844402,0.164231,0.124602
2026-06-23 08:20:00,0.432883,1.579118,0.42622,-0.060627,-0.062213,-0.612454,0.110915,0.792147,1.361407,1.331548
2026-06-23 08:40:00,-0.016242,0.719538,0.449558,0.012564,0.466381,-0.245328,0.122703,0.899719,0.368739,0.324104
2026-06-23 09:00:00,0.172559,1.05455,0.44948,-0.258523,0.624495,0.121799,-0.085105,0.938145,0.635908,0.572995
2026-06-23 09:20:00,1.505364,0.533202,0.464878,1.749095,0.685221,0.323718,1.551242,0.811176,0.982219,1.06734
,,,,,,,,,,
2026-06-23 09:40:00,0.284885,0.119244,0.466106,2.170969,0.776847,0.856051,2.195413,0.967647,1.079199,1.22878
2026-06-23 10:00:00,1.192639,0.832395,0.47781,0.080318,0.751599,1.223178,0.034739,0.822571,0.668137,0.680312
2026-06-23 10:20:00,1.426338,0.820199,0.471757,0.117828,0.727043,1.590304,0.161341,0.833044,0.545654,0.512002
2026-06-23 10:40:00,0.093663,0.699098,0.456683,-0.293603,0.724103,1.957431,-0.165866,1.117924,0.426053,0.432071
2026-06-23 11:00:00,-0.394073,0.267753,0.435152,-0.165891,0.726296,2.324557,-0.002144,0.889282,0.01589,-0.039715
2026-06-23 11:20:00,-1.206679,-1.392055,0.468475,-0.80029,0.716204,2.691683,-0.875551,2.031861,-1.352269,-1.336154
2026-06-23 11:40:00,0.279117,0.567132,0.479697,0.226701,0.711424,3.05881,0.375069,0.922767,0.532704,0.540038
2026-06-23 12:00:00,0.017009,0.746759,0.460947,0.128247,0.692685,3.425936,0.022086,1.132675,0.556453,0.565289
2026-06-23 12:20:00,-0.291152,0.373023,0.464554,-0.174938,0.692906,3.734935,-0.204609,0.871286,0.032996,-0.012422
,,,,,,,,,,
2026-06-24 08:20:00,-0.852355,-0.793812,-1.263221,-0.505599,-2.103316,-1.089718,-0.614959,0.893892,-0.70562,-0.67192
2026-06-24 08:40:00,-0.084536,0.206435,0.384947,-0.182926,-0.422774,-0.722592,-0.120259,0.323211,0.17386,0.20444
2026-06-24 09:00:00,1.044931,1.249839,0.405584,0.310696,0.344056,-0.355466,0.438802,-0.395902,1.222047,1.247625
2026-06-24 09:20:00,0.065883,0.631242,0.406163,-0.076675,0.571979,0.011661,-0.071353,0.018049,0.28638,0.232476
2026-06-24 09:40:00,0.111472,0.12745,0.441451,-0.413712,0.669166,0.378787,-0.402515,0.506677,0.208742,0.263205
2026-06-24 10:00:00,-0.712145,-0.771444,0.456889,-0.250607,0.691101,0.525638,0.077961,-0.146388,-0.685861,-0.700421
,,,,,,,,,,
2026-06-24 12:00:00,-0.873926,-0.448106,-2.417635,0.683679,-2.075398,-1.218213,0.973581,-0.089523,-0.510971,-0.61557
2026-06-24 12:20:00,0.244255,0.785877,0.163522,0.008546,-0.673061,-0.851086,0.074687,-0.229953,0.547221,0.499376
2026-06-24 12:40:00,0.750256,0.607486,0.413858,0.287839,0.259611,-0.48396,0.357387,-0.171576,0.607209,0.594254
2026-06-24 13:00:00,1.170792,-0.277004,0.42792,1.08337,0.53031,-0.288158,1.223197,-0.28833,0.143616,0.217251
,,,,,,,,,,
2026-06-24 14:20:00,-1.969091,-3.220213,0.422947,-3.272874,0.699893,1.351672,-3.787613,3.139738,-3.079815,-2.917131
2026-06-24 14:40:00,-0.557286,-0.583246,0.443092,-0.378633,0.715457,1.718798,-0.342265,0.343789,-0.563231,-0.557641
2026-06-24 15:00:00,-1.213941,-1.240115,0.457115,-0.527446,0.721405,1.942134,-0.629131,0.597765,-1.263143,-1.278782
,,,,,,,,,,
2026-06-25 07:20:00,-0.624058,-0.384363,-1.298646,0.005611,-2.084114,-1.108075,0.144445,1.050364,-0.202717,-0.18101
2026-06-25 07:40:00,-1.764784,-2.681182,0.428922,-2.361806,-0.507455,-0.740948,-2.776891,3.111158,-2.611293,-2.479972
2026-06-25 08:00:00,-0.535391,-0.070893,0.484856,-0.302433,0.282839,-0.373822,-0.350779,1.317985,-0.107345,-0.110734
2026-06-25 08:20:00,0.340267,-0.202766,0.492796,-0.385851,0.533478,-0.006696,-0.717069,1.48209,-0.004204,0.081898
2026-06-25 08:40:00,0.503079,0.764857,0.451936,-0.224045,0.648014,0.360431,-0.008038,0.505423,0.448507,0.384911
2026-06-25 09:00:00,-1.547227,-1.926478,0.40919,-5.84413,0.679141,0.363491,-4.100203,1.367142,-3.109058,-3.237689
,,,,,,,,,,
2026-06-25 11:00:00,-0.868234,-0.705985,-1.0784,-0.657371,-1.496599,-1.07442,-0.635654,1.828334,-0.584202,-0.539724
2026-06-25 11:20:00,-0.390906,-0.428049,0.459306,-0.253711,-0.17623,-0.707294,-0.250136,1.315809,-0.462868,-0.418853
2026-06-25 11:40:00,2.95984,0.443931,0.471904,0.835452,0.314969,-0.603276,0.869219,0.28685,0.510584,0.6079
,,,,,,,,,,
2026-06-25 12:00:00,-0.59515,0.305934,0.412462,0.026592,0.626107,0.026959,0.667357,0.654188,-0.164639,-0.229841
2026-06-25 12:20:00,-1.343038,-1.608178,0.429993,-1.215331,0.647322,0.394085,-1.350788,1.707965,-1.6562,-1.630533
2026-06-25 12:40:00,-0.943651,-0.754049,0.478056,-0.596379,0.681562,0.761212,-0.641757,1.270339,-0.941312,-0.945876
2026-06-25 13:00:00,-0.222734,0.465291,0.482812,-0.045782,0.713727,1.128338,0.090613,0.692282,0.201828,0.190422
2026-06-25 13:20:00,-1.85451,-3.052545,0.477751,-1.490292,0.70838,1.26295,-1.689049,2.382936,-2.595794,-2.518405
,,,,,,,,,,
2026-06-26 07:20:00,-1.07234,-0.70093,-1.737351,0.369259,-2.441057,-1.144787,0.487159,-0.727063,-0.559012,-0.570916
2026-06-26 07:40:00,0.783106,0.753241,0.298227,0.034219,-0.698426,-0.777661,-0.034024,-0.63745,0.540202,0.542545
2026-06-26 08:00:00,1.138986,0.99355,0.363987,0.080727,0.25748,-0.410535,0.187117,-0.9789,0.762736,0.705748
2026-06-26 08:20:00,-0.522015,0.264494,0.386264,-0.07285,0.572733,-0.043408,0.068347,-0.687235,-0.115554,-0.183516
2026-06-26 08:40:00,-0.478045,0.102252,0.375288,-0.258523,0.653603,0.323718,-0.078347,-0.828292,-0.243885,-0.305223
2026-06-26 09:00:00,-0.963804,-0.554004,0.396818,0.327562,0.703926,0.654132,0.327786,-0.623916,-0.589883,-0.623461
,,,,,,,,,,
2026-06-26 10:00:00,-0.598165,-0.589521,-0.887054,-0.173903,-0.746784,-1.108075,-0.397931,0.021589,-0.338004,-0.252307
2026-06-26 10:20:00,0.741784,1.086792,0.375455,0.005948,0.090602,-0.740948,0.106986,-0.908833,0.79791,0.73889
2026-06-26 10:40:00,0.544629,1.120533,0.381508,-0.131798,0.522867,-0.373822,0.004824,-0.873172,0.842442,0.798954
2026-06-26 11:00:00,0.80904,-0.157582,0.384525,0.467209,0.640522,-0.080121,0.587959,-0.650763,0.141318,0.205461
,,,,,,,,,,
2026-06-26 12:00:00,-0.049238,0.585002,0.416609,-0.21264,0.686709,1.094684,-0.237615,-0.88099,0.253357,0.183367
2026-06-26 12:20:00,0.208867,1.00406,0.402066,-0.147437,0.692512,1.46181,0.116809,-0.837216,0.668095,0.611985
2026-06-26 12:40:00,0.763458,0.85838,0.389212,0.405349,0.697354,1.828936,0.453419,-0.870406,0.886723,0.884177
2026-06-26 13:00:00,-0.510293,-0.350811,0.355536,-0.718124,0.700993,2.021678,-0.545541,-0.757118,-0.843225,-0.949868
,,,,,,,,,,
2026-06-27 06:40:00,-1.251003,-1.547665,-5.034817,2.011569,-3.467741,-1.32835,1.562375,-1.171254,-1.123721,-1.182976
2026-06-27 07:00:00,-0.319099,0.484175,-0.664301,-0.177921,-1.791695,-0.961224,0.057214,-1.514547,0.157861,0.080413
2026-06-27 07:20:00,0.173479,0.295256,0.363663,0.061672,-0.139859,-0.594098,0.115735,-1.641148,0.224888,0.200727
2026-06-27 07:40:00,-0.672552,-0.184462,0.386176,-0.033968,0.420609,-0.226971,0.092814,-1.392224,-0.248731,-0.286656
2026-06-27 08:00:00,1.630464,1.593056,0.397565,0.606638,0.627781,0.140155,0.354322,-1.701074,1.640712,1.668445
2026-06-27 08:20:00,0.066719,-0.18101,0.35529,-0.532739,0.666877,0.436916,-0.219514,-1.2907,-0.381992,-0.461835
,,,,,,,,,,
2026-06-27 09:40:00,-0.610171,0.034524,-0.964479,-0.157542,-1.021987,-1.056064,0.038668,-1.424677,-0.39323,-0.49702
2026-06-27 10:00:00,-0.938927,-0.596548,0.330498,-0.451198,0.054114,-0.688937,-0.438298,-0.748083,-0.766653,-0.781001
2026-06-27 10:20:00,0.444993,-0.463218,0.417356,1.488762,0.506798,-0.327931,1.30249,-1.506508,0.031889,0.056183
,,,,,,,,,,
2026-06-27 11:00:00,1.742756,1.355371,0.42845,0.454384,0.74776,0.412442,0.02557,-1.630269,1.170372,1.183105
2026-06-27 11:20:00,0.671707,1.363464,0.360381,-0.263335,0.727271,0.779568,-0.079002,-1.497953,1.023012,0.983046
2026-06-27 11:40:00,-0.232486,0.182607,0.35643,-0.356665,0.71381,1.036556,-0.181504,-1.305156,-0.025279,-0.058004
,,,,,,,,,,
2026-06-28 06:20:00,-0.417068,0.214135,-4.343674,3.826127,-3.271755,-1.309994,3.518279,-1.094438,1.99354,2.111917
2026-06-28 06:40:00,0.194634,0.953814,-0.403156,-0.510964,-1.579682,-0.942868,-0.373045,-0.740413,0.638602,0.624054
2026-06-28 07:00:00,-0.962379,-1.775421,0.38708,-1.440078,-0.058008,-0.575741,-1.930361,0.976867,-1.515316,-1.380436
2026-06-28 07:20:00,0.63367,0.597238,0.393222,-0.107545,0.462113,-0.208615,-0.215218,-0.632841,0.534772,0.543287
2026-06-28 07:40:00,-0.826891,-0.631694,0.39445,0.017377,0.648996,0.158511,0.120738,-1.008402,-0.747227,-0.795205
2026-06-28 08:00:00,-1.200905,-0.631198,0.37971,-0.935822,0.686591,0.198284,-0.549733,-0.902232,-1.101956,-1.243876
,,,,,,,,,,
2026-06-28 10:00:00,-0.294513,0.355084,-3.179934,0.48292,-2.398316,-1.257983,0.602314,-1.233356,0.08676,0.032046
2026-06-28 10:20:00,-1.222703,-1.730983,0.03545,-1.397371,-0.945489,-0.890857,-1.722972,0.837654,-1.550908,-1.443007
2026-06-28 10:40:00,1.54901,0.03424,0.408708,0.7062,-0.011109,-0.704236,0.64331,-1.200977,0.162978,0.191443
,,,,,,,,,,
2026-06-28 11:40:00,-0.935463,-0.679529,0.432224,-0.771345,0.676644,0.577649,-0.921105,0.09457,-0.891245,-0.863439
2026-06-28 12:00:00,0.0932,0.828854,0.397398,0.14148,0.675219,0.944775,0.259574,-1.042809,0.570092,0.525185
2026-06-28 12:20:00,0.636208,-0.21549,0.389536,-0.802455,0.68215,1.085505,-0.420878,-1.223915,-0.464226,-0.577136
,,,,,,,,,,
2026-06-29 06:00:00,1.108356,0.745903,-1.270709,0.709737,-2.138152,-1.089718,0.699787,-0.460917,1.029069,1.058056
2026-06-29 06:20:00,0.144667,0.201395,0.34966,-0.36961,-0.463185,-0.722592,-0.190751,-0.356591,-0.201171,-0.274123
2026-06-29 06:40:00,1.052885,1.450786,0.396337,0.44926,0.342327,-0.355466,0.495777,-0.339664,1.510062,1.528915
2026-06-29 07:00:00,-0.259506,-0.743146,0.440557,-0.596571,0.57227,0.011661,-0.672537,0.293377,-0.703343,-0.674706
2026-06-29 07:20:00,-0.089778,0.246302,0.430239,-0.326494,0.657871,0.378787,-0.263443,-0.279738,-0.134436,-0.183145
2026-06-29 07:40:00,-1.07992,-0.614201,0.407785,1.019947,0.686058,0.400203,0.820784,-0.060537,-0.5978,-0.62244
,,,,,,,,,,
2026-06-29 08:40:00,-0.949481,-1.646832,-0.741884,-0.67419,-0.882335,-1.056064,-1.020176,1.259607,-1.125747,-0.980225
2026-06-29 09:00:00,0.512526,0.737242,0.410988,0.13046,0.109279,-0.688937,0.183188,-0.414673,0.586217,0.579586
2026-06-29 09:20:00,1.1799,-0.130207,0.412059,1.027093,0.462687,-0.542087,1.21856,-0.530505,0.199447,0.254293
,,,,,,,,,,
2026-06-29 10:20:00,-0.3367,-0.276769,0.388682,0.081642,0.692844,0.779568,0.095093,-0.326388,-0.132556,-0.162257
2026-06-29 10:40:00,0.031449,0.358156,0.398518,-0.802118,0.693273,0.993724,-0.516307,-0.207531,-0.355549,-0.451159
,,,,,,,,,,
2026-06-30 07:20:00,0.652605,1.182184,-1.050757,0.544129,-1.958428,-1.034649,0.603414,-0.726916,1.121517,1.151541
2026-06-30 07:40:00,-0.038083,0.734769,0.355634,-0.040777,-0.272497,-0.667523,0.101746,-0.685391,0.408487,0.365137
2026-06-30 08:00:00,0.584567,0.693291,0.4069,-0.092916,0.398419,-0.300397,-0.090344,-0.379934,0.58653,0.579957
2026-06-30 08:20:00,-0.218239,-0.072485,0.409357,0.240729,0.574054,0.06673,0.40061,-0.603044,0.042124,0.027497
2026-06-30 08:40:00,-0.465195,-0.703541,0.421552,-1.097218,0.638385,0.433856,-1.266308,0.606247,-0.714789,-0.652982
2026-06-30 09:00:00,-0.190396,0.498387,0.407706,-0.387679,0.67147,0.797924,-0.090999,-0.618053,0.15974,0.093688
,,,,,,,,,,
2026-06-30 10:00:00,0.046221,0.43151,-0.66214,0.438264,-0.593326,-1.068302,0.469896,-0.4042,0.407485,0.405706
2026-06-30 10:20:00,0.73787,1.429503,0.380525,0.132048,0.179025,-0.701176,0.069657,-0.671267,1.230882,1.185147
2026-06-30 10:40:00,1.630008,0.57227,0.409809,1.173211,0.519111,-0.407475,1.770288,-0.57509,1.817669,1.895612
,,,,,,,,,,
2026-06-30 12:20:00,-1.196084,-1.511779,0.435801,-1.228636,0.723059,1.501583,-1.48166,0.908606,-1.398222,-1.30264
2026-06-30 12:40:00,-0.737712,-0.272905,0.46194,-0.505262,0.739577,1.559712,-0.489379,-0.321446,-0.628859,-0.678883
,,,,,,,,,,
2026-07-01 06:20:00,-0.169669,0.433865,-2.626571,0.651005,-2.862317,-1.218213,0.450302,-1.485599,0.355058,0.348149
2026-07-01 06:40:00,-0.153749,-0.353654,0.149519,-0.642478,-1.069999,-0.851086,-1.055854,-0.369793,-0.1722,-0.074807
2026-07-01 07:00:00,-0.431481,0.069579,0.392563,-0.354163,0.111755,-0.48396,-0.134012,-1.475826,-0.29508,-0.365287
2026-07-01 07:20:00,0.880737,0.996416,0.38421,0.199225,0.506501,-0.116833,0.403648,-1.632224,0.954523,0.964293
2026-07-01 07:40:00,-0.879078,-0.417097,0.368959,-0.336286,0.607693,0.143215,-0.103416,-1.472876,-0.720533,-0.806531
,,,,,,,,,,
2026-07-01 08:20:00,-0.449241,0.44532,-2.531891,1.451806,-1.073769,-1.294696,1.6073,-1.528819,0.752626,0.747153
2026-07-01 08:40:00,-0.742173,-0.564605,-0.069293,-0.76278,-0.306738,-0.92757,-0.673192,-0.848575,-0.717818,-0.72103
2026-07-01 09:00:00,0.847838,-0.727397,0.382392,0.65435,0.266148,-0.792957,0.694731,-1.329938,-0.400352,-0.335951
,,,,,,,,,,
2026-07-01 10:00:00,-0.54156,-0.25537,0.410291,-0.505719,0.682095,0.540936,-0.738654,-0.479651,-0.191312,-0.109156
2026-07-01 10:20:00,-0.367482,0.383642,0.392956,-0.616228,0.702452,0.681666,-0.369063,-1.529335,-0.12299,-0.213316
,,,,,,,,,,
2026-07-02 06:00:00,-0.647523,-0.364412,-1.09543,-0.064886,-2.026362,-1.053006,-0.016447,0.105633,-0.302955,-0.298632
2026-07-02 06:20:00,-1.045486,-1.053896,0.37684,-0.904543,-0.322474,-0.685879,-0.950417,0.375762,-1.210863,-1.209434
2026-07-02 06:40:00,0.83734,0.830559,0.426387,0.333962,0.368958,-0.318753,0.274636,-0.190936,1.243457,1.297756
2026-07-02 07:00:00,0.140864,0.648683,0.395511,-0.342734,0.583047,0.048373,-0.073763,-0.476443,0.120347,0.011251
2026-07-02 07:20:00,-0.901755,-0.642035,0.389536,2.63312,0.637638,0.057552,2.265276,-0.29235,0.053278,0.135278
,,,,,,,,,,
2026-07-02 08:20:00,0.96865,1.170243,-1.149722,0.747439,-1.093421,-1.117253,0.528705,-0.533788,1.340833,1.392262
2026-07-02 08:40:00,0.154806,0.394924,0.357924,-0.326494,-0.046594,-0.750126,-0.340956,-0.383327,0.242475,0.218087
2026-07-02 09:00:00,1.095493,-0.333751,0.449509,1.179635,0.38188,-0.63081,0.919907,-0.137279,0.120013,0.234055
,,,,,,,,,,
2026-07-02 09:20:00,-1.143808,-1.061565,0.421198,0.486409,0.632643,-0.015874,0.610592,-0.255472,-0.923558,-0.97614
2026-07-02 09:40:00,-0.338636,0.437714,0.420815,0.177763,0.676201,0.351253,0.248021,-0.460438,0.297847,0.26404
2026-07-02 10:00:00,0.791467,0.712994,0.422171,-0.031081,0.695902,0.589885,0.075944,-0.653087,0.57686,0.511724
,,,,,,,,,,
2026-07-03 06:20:00,0.157116,0.883128,-0.772887,0.064679,-1.692778,-0.97958,0.174674,0.427059,0.665589,0.648376
2026-07-03 06:40:00,-1.2389,-1.387128,0.412138,-1.053717,-0.125561,-0.612454,-1.182901,1.670756,-1.419798,-1.392597
2026-07-03 07:00:00,0.548509,-0.185858,0.44832,0.509122,0.455403,-0.27592,0.609727,0.447562,-0.086562,-0.061624
,,,,,,,,,,
2026-07-03 07:40:00,-1.768533,-2.553712,0.497631,-0.777024,0.651472,0.488925,-1.464947,3.111453,-2.00412,-1.813603
2026-07-03 08:00:00,0.512415,1.272976,0.455376,0.491558,0.668302,0.856051,0.347774,0.397888,1.345637,1.358563
2026-07-03 08:20:00,-0.519484,-1.016221,0.47609,-0.986541,0.69586,1.223178,-1.42217,1.840393,-0.902775,-0.82092
2026-07-03 08:40:00,0.91405,0.959584,0.438994,-0.282391,0.731422,1.590304,-0.166101,0.410169,0.52295,0.46512
2026-07-03 09:00:00,1.295511,1.574172,0.379385,0.256368,0.741396,1.957431,0.091504,0.276487,1.461248,1.466344
2026-07-03 09:20:00,-0.537984,-0.342357,0.415656,-0.511566,0.707675,2.324557,-0.303182,0.467329,-0.730392,-0.833267
2026-07-03 09:40:00,-0.37724,-0.486907,0.449322,-0.504348,0.70838,2.688625,-0.55898,1.377063,-0.244993,-0.171912
