timestamp,speed_kmh,rpm,coolant_c,engine_load_pct,oil_temp_c,runtime_min,throttle_pct,intake_air_c,maf_gps,fuel_rate_lph
2026-05-05 06:00:00,27.3273,2592.3182,56.9818,43.2318,42.5773,3.5,22.4318,37.7091,25.2182,5.9495
,,,,,,,,,,
2026-05-05 06:00:00,50.8653,2742.0204,84.1367,33.0122,56.1673,11.8333,15.8102,37.7102,21.4378,4.9453
2026-05-05 06:20:00,23.0617,1682.2583,93.725,28.2783,74.5092,31.8333,10.41,41.9433,11.9724,2.9717
2026-05-05 06:40:00,42.81,2618.7167,94.5817,36.105,86.3942,51.8333,18.5908,37.7208,21.6723,5.0743
2026-05-05 07:00:00,100.4778,2386.1111,94.5667,48.4111,89.7333,53.3333,25.0667,36.5889,24.5456,5.89
,,,,,,,,,,
2026-05-05 07:20:00,19.4521,1812.6667,94.5042,33.4583,91.1438,91.8333,15.2375,40.5188,14.2465,3.4542
2026-05-05 07:40:00,20.095,1970.3083,94.5825,31.3042,91.415,111.8333,12.7633,40.7017,14.9789,3.6079
2026-05-05 08:00:00,21.5625,2091.125,94.4133,32.9908,91.4717,131.8333,14.7092,38.9175,15.7591,3.714
2026-05-05 08:20:00,30.685,2253.3,94.4275,32.0042,91.6225,151.8333,14.3525,38.8492,16.7841,3.9225
2026-05-05 08:40:00,21.7925,2127.1667,94.3675,33.0758,91.7675,171.8333,16.0483,38.1375,16.488,3.8466
2026-05-05 09:00:00,33.045,2591.5917,94.2142,34.8,91.7767,191.8333,17.2883,37.9158,20.447,4.7198
2026-05-05 09:20:00,34.7861,2466.1389,94.2222,34.0083,91.7528,197.8333,16.6556,37.725,21.0697,4.8367
,,,,,,,,,,
2026-05-06 07:00:00,29.3667,2763.3333,56.95,40.7875,40.5083,3.8333,22.2542,36.2083,27.1525,6.3354
2026-05-06 07:20:00,21.6092,2229.45,89.205,32.8342,63.74,23.8333,15.6725,36.45,16.0341,3.7245
2026-05-06 07:40:00,41.6817,2715.1583,93.8792,36.14,82.5033,43.8333,16.9517,35.8942,22.4375,5.2028
2026-05-06 08:00:00,23.7033,2093.1167,94.5808,32.7025,88.0283,63.8333,15.1658,38.425,16.4415,3.9005
2026-05-06 08:20:00,48.5158,2723.3,94.3658,34.41,90.4975,83.8333,17.3883,36.0958,22.4752,5.2007
2026-05-06 08:40:00,30.6833,2479.075,94.1408,34.8158,91.315,103.8333,17.2217,36.2958,20.3027,4.7422
2026-05-06 09:00:00,21.4835,2023.5165,94.4802,31.0341,91.8242,119.0,13.578,38.511,15.0921,3.5642
,,,,,,,,,,
2026-05-06 10:00:00,33.5371,2493.3714,69.6457,41.5143,64.76,5.6667,21.88,36.2229,23.5094,5.5751
2026-05-06 10:20:00,23.385,2103.25,91.7133,31.9783,78.15,25.6667,13.6733,37.305,14.6716,3.4184
2026-05-06 10:40:00,19.14,2171.7417,94.1375,34.8025,87.475,45.6667,17.2058,36.6975,16.0978,3.7496
2026-05-06 11:00:00,39.9598,2154.6739,94.0902,40.4728,90.5022,61.0,21.0457,36.2217,19.3178,4.5647
,,,,,,,,,,
2026-05-06 11:20:00,25.1181,1632.6111,95.0236,35.6736,92.2431,83.8333,17.4972,42.5694,22.3967,5.5114
,,,,,,,,,,
2026-05-06 12:00:00,27.1186,2388.299,93.9474,32.6258,91.7021,125.6667,15.6196,36.4113,17.0513,3.8996
2026-05-06 12:20:00,14.6817,1606.575,94.1783,29.2483,91.8442,145.6667,11.0042,40.3083,11.1113,2.7213
2026-05-06 12:40:00,36.96,2620.6333,94.2175,35.2908,92.0533,165.6667,16.6975,36.3425,21.663,5.0467
2026-05-06 13:00:00,31.5222,2200.2778,93.7056,28.9,91.8917,171.6667,12.6528,36.5694,13.2733,2.9508
,,,,,,,,,,
2026-05-07 06:00:00,23.0013,2208.2692,75.9192,35.1795,50.7449,12.8333,17.0641,36.0321,17.3132,4.0506
2026-05-07 06:20:00,35.9808,2387.0333,93.2042,35.5733,74.8425,32.8333,17.4275,36.0058,19.158,4.447
2026-05-07 06:40:00,23.875,1796.425,93.7783,30.5825,86.3192,52.8333,12.5617,37.7825,12.2373,2.8663
2026-05-07 07:00:00,20.1408,1713.9333,94.645,30.2583,89.3025,72.8333,10.985,40.0442,12.7063,3.1366
2026-05-07 07:20:00,22.4342,2252.3417,94.2158,35.4917,91.4008,92.8333,17.0383,36.2075,18.2207,4.2566
2026-05-07 07:40:00,45.4065,2380.9839,94.2419,32.3968,92.2177,103.1667,15.1694,35.8339,17.1744,3.9497
,,,,,,,,,,
2026-05-07 10:00:00,27.275,2379.9643,59.0464,38.9036,47.9036,4.5,21.0143,35.7786,21.2139,4.9496
2026-05-07 10:20:00,20.7792,2083.1083,90.0842,32.4817,68.2375,24.5,14.6725,37.7633,15.8043,3.7502
2026-05-07 10:40:00,16.7967,1832.525,93.8867,34.6592,84.2317,44.5,16.6533,36.6067,14.1554,3.3368
2026-05-07 11:00:00,67.3733,2359.2444,93.9089,36.0533,88.4867,52.0,18.8911,35.6111,18.7149,4.4582
,,,,,,,,,,
2026-05-07 12:00:00,16.2862,1714.6462,94.2123,34.2369,92.2292,124.5,16.1415,37.7308,14.1992,3.4234
2026-05-07 12:20:00,41.7425,2696.7833,94.0125,34.4258,92.1825,144.5,16.63,35.8408,21.3691,4.9696
2026-05-07 12:40:00,29.7417,2225.7833,94.43,32.7925,92.1517,164.5,14.2517,37.8425,17.7217,4.2155
2026-05-07 13:00:00,17.69,2038.95,94.135,31.995,91.685,167.8333,15.795,35.9,14.132,3.2425
,,,,,,,,,,
2026-05-08 06:40:00,24.5083,2261.0,57.4708,37.2042,41.4708,3.8333,19.3875,37.8292,18.845,4.4096
2026-05-08 07:00:00,23.5592,2057.8833,89.4983,31.8483,64.465,23.8333,14.345,38.2642,15.1777,3.5683
2026-05-08 07:20:00,13.8508,1742.1,94.4167,32.5425,82.335,43.8333,13.9442,39.4975,12.4877,2.9873
2026-05-08 07:40:00,31.3608,2420.6667,94.3192,32.9317,88.8108,63.8333,15.175,37.7258,18.5095,4.2822
2026-05-08 08:00:00,2.95,769.75,94.2,36.15,89.925,64.5,19.1,40.375,6.1625,1.535
,,,,,,,,,,
2026-05-08 09:40:00,40.2727,2572.5182,81.9582,38.1491,64.9445,18.1667,18.5855,37.1655,22.6485,5.331
2026-05-08 10:00:00,7.7642,1191.7167,94.4517,25.2742,82.0675,38.1667,6.5642,43.0258,6.5171,1.7471
2026-05-08 10:20:00,24.0683,2224.8583,94.49,32.8858,88.6025,58.1667,15.7392,37.57,16.5518,3.8452
2026-05-08 10:40:00,11.096,1720.2222,94.3929,33.7818,90.5131,74.6667,16.5768,37.6455,12.2941,2.8944
,,,,,,,,,,
2026-05-08 12:20:00,25.3698,2426.4762,74.354,36.3492,60.6032,10.3333,18.1841,37.5667,19.104,4.4154
2026-05-08 12:40:00,22.9692,1708.8167,93.8925,30.935,77.2533,30.3333,12.3575,41.0108,12.1917,3.0149
2026-05-08 13:00:00,86.1929,2068.7143,94.5,42.05,84.3571,32.6667,22.2286,36.6429,18.7271,4.495
,,,,,,,,,,
2026-05-08 13:40:00,18.1805,2008.7561,93.9549,30.8073,90.7817,90.3333,12.9,39.5354,15.517,3.6944
2026-05-08 14:00:00,13.21,1732.35,94.4042,31.2967,91.1842,110.3333,13.7317,39.5717,11.8828,2.8273
,,,,,,,,,,
2026-05-09 07:20:00,24.1717,2212.2333,82.3633,32.4483,57.5467,19.8333,14.5675,38.7825,16.9193,3.9826
2026-05-09 07:40:00,23.5283,2322.7083,94.0333,34.96,80.1733,39.8333,17.2283,37.2967,18.2289,4.2007
2026-05-09 08:00:00,30.6242,2396.6583,94.06,34.1275,88.2242,59.8333,17.0608,37.3083,18.9552,4.4059
2026-05-09 08:20:00,11.4353,1669.0,93.8941,30.6118,89.8176,62.6667,14.8118,37.2353,9.8565,2.2906
,,,,,,,,,,
2026-05-09 09:40:00,34.5835,2412.1412,79.5424,36.8188,64.8576,14.0,18.7471,37.5435,20.1044,4.7016
2026-05-09 10:00:00,23.265,1978.5167,93.9608,30.245,80.935,34.0,12.5942,39.9733,14.0713,3.3638
2026-05-09 10:20:00,37.8633,2363.0083,94.5908,35.8767,88.1517,54.0,17.6475,37.1617,19.4932,4.5437
2026-05-09 10:40:00,33.4517,2369.9583,94.6575,33.1308,90.6333,74.0,15.0492,38.3475,18.59,4.3574
2026-05-09 11:00:00,22.1579,2388.9474,94.5105,29.9211,91.0947,77.1667,13.0421,37.5789,14.1447,3.0874
,,,,,,,,,,
2026-05-09 11:20:00,13.6771,1829.6,77.84,34.0371,74.6,5.6667,16.4286,37.6829,12.848,2.9811
2026-05-09 11:40:00,24.975,2069.3083,92.7317,34.6092,82.9042,25.6667,16.6725,37.6658,16.5878,3.8785
2026-05-09 12:00:00,63.4,2199.2545,94.2891,39.3236,88.0055,34.8333,20.9182,37.2091,19.0009,4.5478
,,,,,,,,,,
2026-05-09 12:40:00,16.3667,1924.8667,94.0533,29.02,91.1467,85.6667,13.42,37.9533,11.164,2.5047
2026-05-09 13:00:00,27.4,2441.825,94.1992,34.2108,91.4817,105.6667,16.2125,37.17,18.5752,4.3043
2026-05-09 13:20:00,21.9301,2110.4194,94.1591,32.8,91.5108,121.1667,15.7516,38.1355,15.2051,3.5672
,,,,,,,,,,
2026-05-10 07:20:00,10.3833,1643.2222,51.2444,37.25,37.2611,2.8333,18.4389,34.6778,13.0278,3.11
2026-05-10 07:40:00,27.3208,2453.7333,87.64,34.5442,61.1225,22.8333,16.8825,34.4017,18.9923,4.4105
2026-05-10 08:00:00,31.0467,2616.4167,93.6167,34.7808,81.7425,42.8333,16.7917,34.21,20.5716,4.7604
2026-05-10 08:20:00,33.4475,2344.6667,93.9283,32.8092,88.3042,62.8333,14.27,35.8717,18.8637,4.4544
2026-05-10 08:40:00,43.0825,2597.9833,94.0092,35.0867,90.6325,82.8333,17.3917,34.3333,21.6607,5.0612
2026-05-10 09:00:00,13.9342,1579.4667,93.9375,29.5392,91.4683,102.8333,12.2558,36.6933,9.912,2.3702
2026-05-10 09:20:00,10.72,1607.8,94.1029,31.7714,91.7057,108.6667,15.1171,34.6,10.4917,2.4291
,,,,,,,,,,
2026-05-10 11:00:00,18.1932,1965.5479,75.1479,35.6493,59.0288,12.0,15.7123,36.4315,16.4318,3.9425
2026-05-10 11:20:00,7.055,1163.45,93.5342,23.1883,77.6292,32.0,4.6033,41.2425,6.4788,1.7932
2026-05-10 11:40:00,12.9508,1736.9,94.2942,31.98,86.7367,52.0,13.9092,36.5767,12.0113,2.8853
2026-05-10 12:00:00,45.1494,2346.7468,94.2646,37.9899,89.5759,65.1667,20.2785,34.0329,20.118,4.7456
,,,,,,,,,,
2026-05-10 12:20:00,3.01,727.9,93.425,31.23,90.6,92.0,15.025,34.485,5.155,1.238
2026-05-10 12:40:00,54.6794,2666.2647,93.8412,57.3294,91.2824,97.6667,39.8324,34.7324,47.2253,11.0791
,,,,,,,,,,
2026-05-10 13:00:00,30.1324,2327.0811,94.0928,34.6604,92.0694,132.0,16.6955,34.4955,18.8397,4.3642
2026-05-10 13:20:00,37.01,2531.9833,93.9383,35.575,92.05,152.0,17.8217,33.9908,21.4973,4.9963
2026-05-10 13:40:00,37.4607,2611.0357,93.7482,33.9473,92.0857,170.6667,16.4411,34.2205,20.2372,4.7096
,,,,,,,,,,
2026-05-11 06:20:00,37.0,2936.8889,61.9528,43.5167,41.0639,5.8333,24.0361,33.925,31.0211,7.2911
2026-05-11 06:40:00,52.7883,2763.9333,90.6125,34.7933,65.915,25.8333,16.0892,33.8508,21.9705,5.082
2026-05-11 07:00:00,22.3783,2116.875,94.14,31.3725,83.0892,45.8333,12.8992,36.96,17.3813,4.1747
2026-05-11 07:20:00,24.3875,2012.4667,94.0467,29.5567,89.075,65.8333,11.65,37.165,15.0988,3.6188
2026-05-11 07:40:00,18.5958,2038.1,94.2908,33.185,90.6758,85.8333,15.25,35.9092,15.7896,3.7523
2026-05-11 08:00:00,19.7858,1867.1917,94.1225,31.1125,91.23,105.8333,13.0475,36.5383,13.5693,3.2698
2026-05-11 08:20:00,19.0883,2050.987,93.8156,34.0091,91.8961,118.6667,16.3779,34.2325,15.4656,3.5931
,,,,,,,,,,
2026-05-11 10:40:00,22.6581,2377.871,59.4032,37.0935,47.1806,5.0,19.1774,34.2323,18.3997,4.2742
2026-05-11 11:00:00,10.03,1410.225,90.6067,28.7033,68.0575,25.0,9.5758,39.2417,10.884,2.7833
2026-05-11 11:20:00,49.5008,2789.6083,94.0875,33.225,84.4633,45.0,15.4492,33.7817,21.533,4.9682
2026-05-11 11:40:00,37.6808,2309.2308,93.7859,35.9321,88.9603,58.0,18.4692,33.9859,18.1255,4.2665
,,,,,,,,,,
2026-05-11 12:20:00,39.4544,2447.4684,94.3937,34.2051,92.8063,105.0,16.7506,34.0468,19.6254,4.6134
2026-05-11 12:40:00,25.5342,2276.0583,94.0117,31.6367,92.7725,125.0,13.8592,35.5725,16.8314,3.9712
2026-05-11 13:00:00,25.3825,1745.05,94.4967,30.5608,92.2733,145.0,11.555,38.4233,14.0211,3.4687
2026-05-11 13:20:00,30.6831,2034.9692,94.16,31.5077,92.1369,155.8333,14.1031,34.5077,14.182,3.2651
,,,,,,,,,,
2026-05-12 07:40:00,36.4655,2622.25,76.3202,35.3012,49.7262,13.8333,17.0548,33.4714,20.7961,4.8175
2026-05-12 08:00:00,52.3417,2607.075,93.0817,34.0458,74.8442,33.8333,16.5492,33.4417,21.0227,4.8513
2026-05-12 08:20:00,31.5117,2593.0833,93.675,34.2733,86.1967,53.8333,16.2733,33.88,20.246,4.6759
2026-05-12 08:40:00,16.6583,1926.9167,93.725,31.825,88.8083,55.8333,14.875,33.75,13.0942,3.0725
,,,,,,,,,,
2026-05-12 10:20:00,25.0863,2350.0882,79.8186,34.9882,62.3922,16.8333,17.5529,33.8451,18.0782,4.1903
2026-05-12 10:40:00,35.5858,2684.3583,93.1975,32.7983,81.1217,36.8333,15.7858,33.8817,20.3044,4.6608
2026-05-12 11:00:00,16.535,1913.5833,93.3808,35.0275,88.475,56.8333,17.395,34.0008,15.1391,3.5735
2026-05-12 11:20:00,41.7269,2650.6866,93.5478,32.2582,90.7299,68.0,15.0254,33.9239,20.0722,4.6497
,,,,,,,,,,
2026-05-12 12:40:00,25.1022,2323.6629,79.3933,35.2843,65.5528,14.6667,17.227,34.0438,18.0088,4.1874
2026-05-12 13:00:00,42.0419,2248.7429,93.4781,35.9733,80.9076,32.1667,18.2114,33.7543,18.4034,4.3392
,,,,,,,,,,
2026-05-12 14:00:00,29.6808,2438.7534,93.9849,36.4918,91.174,94.6667,16.8288,34.7288,20.8055,4.9268
2026-05-12 14:20:00,29.5764,2236.2455,94.0827,32.4364,91.6255,113.0,14.6555,35.1173,17.6939,4.1457
,,,,,,,,,,
2026-05-13 07:40:00,24.8583,2310.1667,48.975,46.6167,38.3417,1.8333,26.825,37.9833,23.7925,5.5983
2026-05-13 08:00:00,29.8575,2556.175,86.5825,33.2417,60.8867,21.8333,15.7008,37.3283,19.3961,4.4722
2026-05-13 08:20:00,36.1442,2599.3833,93.8725,34.7942,81.2433,41.8333,16.9092,37.1,21.0127,4.8948
2026-05-13 08:40:00,20.685,1792.3667,94.1933,29.9125,87.7117,61.8333,12.3825,38.9142,11.9743,2.8533
2026-05-13 09:00:00,28.6425,2250.125,94.5433,33.0942,90.2067,81.8333,15.1925,38.8575,18.2838,4.3443
2026-05-13 09:20:00,37.0967,2898.2667,94.4308,34.5025,91.345,101.8333,16.0092,37.0375,23.8946,5.5028
2026-05-13 09:40:00,18.5892,1819.7846,94.2492,31.9477,91.4369,112.6667,14.2523,39.5677,13.9958,3.3489
,,,,,,,,,,
2026-05-13 12:00:00,20.9105,2052.7368,54.1263,40.4,46.6263,3.0,21.9263,36.5895,17.4505,4.0895
2026-05-13 12:20:00,28.4983,2543.8417,88.425,33.3808,66.9342,23.0,16.1383,37.1342,19.5109,4.4797
2026-05-13 12:40:00,33.54,2639.6583,94.0608,35.5425,83.8592,43.0,17.3742,37.0517,21.9648,5.1142
2026-05-13 13:00:00,41.5744,2229.8837,94.2326,37.4744,88.4395,50.1667,20.2814,37.0256,18.2765,4.3093
,,,,,,,,,,
2026-05-13 13:00:00,54.5692,2504.9231,94.1923,46.7846,90.3846,63.0,23.5769,36.8769,24.5185,5.8854
2026-05-13 13:20:00,88.5,2085.0,94.4769,44.0692,90.5692,65.1667,21.3231,36.7154,19.7431,4.7377
,,,,,,,,,,
2026-05-13 13:40:00,5.7,1142.4333,94.42,28.3467,91.2467,103.0,9.2467,43.8933,7.6367,2.08
2026-05-13 14:00:00,45.5558,2600.5667,94.4533,36.9975,91.6325,123.0,17.6875,36.9308,22.4209,5.2477
2026-05-13 14:20:00,27.3113,1960.9739,94.3687,30.6243,91.9548,142.1667,13.073,38.7183,13.9736,3.2817
,,,,,,,,,,
2026-05-14 08:00:00,27.7056,2512.0556,72.8986,34.4306,46.1431,11.8333,16.8681,31.2153,19.4286,4.4883
2026-05-14 08:20:00,30.7317,2225.9083,92.5208,30.8792,71.9142,31.8333,13.3067,33.0733,16.5115,3.8832
2026-05-14 08:40:00,5.9585,1151.2923,93.6185,27.1031,83.0646,42.6667,8.3046,36.7631,6.9662,1.846
,,,,,,,,,,
2026-05-14 09:20:00,17.1135,1874.8378,72.3,38.7243,65.3216,6.0,20.3784,31.6054,15.5032,3.6757
2026-05-14 09:40:00,20.3142,1987.6833,91.6533,29.3367,78.3375,26.0,11.7017,33.985,14.6855,3.4954
2026-05-14 10:00:00,31.5183,2547.7833,93.7567,34.8,87.1475,46.0,17.1833,31.4683,20.7506,4.8513
2026-05-14 10:20:00,21.466,2150.8936,93.5064,31.8277,89.9553,61.6667,14.7713,32.2404,15.2644,3.5238
,,,,,,,,,,
2026-05-14 11:00:00,24.3326,2228.8605,84.2628,33.8384,76.493,14.1667,15.9674,32.4686,17.4581,4.1288
2026-05-14 11:20:00,35.93,2031.1833,93.39,36.485,83.9267,24.1667,18.3167,32.2617,16.6008,3.9698
,,,,,,,,,,
2026-05-14 12:20:00,10.7184,1539.0612,93.9857,30.0265,91.1316,94.1667,12.1398,34.5122,10.171,2.5026
2026-05-14 12:40:00,8.9059,1526.9412,93.8784,31.7627,91.3078,102.6667,15.249,31.7529,10.0567,2.3541
,,,,,,,,,,
2026-05-15 06:40:00,35.1893,2804.6429,75.6095,35.794,48.8357,13.8333,17.9012,32.2488,23.3465,5.4426
2026-05-15 07:00:00,22.8867,2205.0083,92.7625,33.4825,74.3983,33.8333,16.0475,32.27,16.3097,3.7973
2026-05-15 07:20:00,19.2625,2101.3571,93.2643,33.6696,86.2098,52.5,16.3705,32.2071,15.2396,3.5172
,,,,,,,,,,
2026-05-15 08:00:00,7.1,1088.5,56.15,60.55,64.05,0.1667,38.9,34.55,13.84,3.325
2026-05-15 08:20:00,44.4808,2880.7,85.9183,35.18,75.0317,20.1667,16.7917,31.775,24.0713,5.5604
2026-05-15 08:40:00,30.4825,2673.025,93.3575,34.3925,86.5108,40.1667,16.8958,32.2342,21.3741,4.973
2026-05-15 09:00:00,48.8025,2659.1899,93.3468,35.119,89.9835,53.3333,16.1051,31.8633,21.598,4.9996
,,,,,,,,,,
2026-05-15 10:00:00,12.6114,1840.4857,67.1343,35.9886,61.4829,5.6667,18.2943,32.4257,13.8994,3.2897
2026-05-15 10:20:00,27.2783,2472.8667,90.9933,35.61,76.0375,25.6667,17.5817,32.15,20.0975,4.6549
2026-05-15 10:40:00,30.615,2676.425,93.6142,33.1842,86.7325,45.6667,15.8867,32.2008,20.1147,4.6581
2026-05-15 11:00:00,62.2902,2266.0,94.0541,40.1262,89.7525,55.8333,21.1016,31.6951,20.2274,4.8184
,,,,,,,,,,
2026-05-15 11:40:00,12.3892,1486.2838,94.1649,28.0432,92.2514,105.6667,9.1784,37.3392,10.3514,2.6042
2026-05-15 12:00:00,24.0583,2192.5083,94.02,32.3092,92.1333,125.6667,14.4508,34.0867,17.3281,4.0676
2026-05-15 12:20:00,25.1923,2371.9744,93.7551,34.3103,92.1718,138.6667,16.8321,32.2,18.2633,4.2579
,,,,,,,,,,
2026-05-16 08:00:00,44.1315,2385.8796,80.05,36.8713,54.2343,17.8333,17.6981,34.3,19.7694,4.5572
2026-05-16 08:20:00,19.8475,2058.3167,93.6033,32.6108,78.0875,37.8333,15.4475,34.6275,14.1517,3.2597
2026-05-16 08:40:00,33.4683,2437.7667,93.995,34.2567,87.1692,57.8333,16.3183,34.3433,18.8825,4.3828
2026-05-16 09:00:00,36.3467,2446.875,93.885,33.2917,90.1192,77.8333,15.6617,34.6875,19.0777,4.4476
2026-05-16 09:20:00,16.219,1942.5238,93.8429,32.4095,90.8905,81.3333,13.781,34.3762,13.0071,2.9619
,,,,,,,,,,
2026-05-16 11:20:00,17.5259,1882.5802,76.1531,32.4852,57.2753,13.3333,14.2901,36.963,14.3502,3.456
2026-05-16 11:40:00,20.3467,1968.2,93.31,29.9608,77.7,33.3333,12.4742,36.7408,14.3353,3.3838
2026-05-16 12:00:00,42.0661,1924.0484,94.4565,37.3468,85.8952,43.6667,19.6065,35.4419,17.2235,4.2016
,,,,,,,,,,
2026-05-16 12:40:00,30.088,2467.6506,93.7422,33.5614,90.9639,93.3333,15.853,34.6253,18.8543,4.3398
2026-05-16 13:00:00,15.3025,1871.1583,93.9492,31.38,91.4975,113.3333,13.9875,36.0375,12.8318,3.04
2026-05-16 13:20:00,17.1615,2034.2885,93.9346,32.4308,91.85,122.0,15.3962,34.4808,14.3742,3.3242
,,,,,,,,,,
2026-05-17 07:20:00,9.1125,1572.6667,55.9417,37.3583,39.3833,3.8333,20.6083,34.9792,12.5767,2.9863
2026-05-17 07:40:00,23.0958,1982.8333,89.36,31.61,63.3775,23.8333,13.1525,38.6017,15.9993,3.87
2026-05-17 08:00:00,47.5908,2602.85,94.4217,34.2075,82.3017,43.8333,15.885,34.9517,20.5073,4.7314
2026-05-17 08:20:00,20.3658,2218.35,93.9867,33.7375,88.4183,63.8333,16.7283,35.51,16.2324,3.7521
2026-05-17 08:40:00,21.7358,2175.0917,93.9192,32.1967,90.63,83.8333,14.9383,36.3233,15.7453,3.6766
,,,,,,,,,,
2026-05-17 09:40:00,31.3583,2637.3333,65.3625,42.8875,63.7083,3.8333,23.4917,35.7042,26.4817,6.2525
2026-05-17 10:00:00,15.0,1719.975,90.3108,28.565,76.5008,23.8333,10.6192,38.495,12.3503,3.0066
2026-05-17 10:20:00,28.7664,1983.7414,94.6034,34.4009,86.6879,43.1667,16.3871,36.9336,16.0309,3.8478
,,,,,,,,,,
2026-05-17 11:20:00,2.15,883.75,94.8,29.1688,91.5062,103.8333,8.7625,41.75,5.3475,1.5369
2026-05-17 11:40:00,35.2625,2563.3667,94.635,35.1467,91.8042,123.8333,17.1617,35.0117,20.3008,4.7323
2026-05-17 12:00:00,29.6241,2283.3036,94.092,33.1911,91.8964,142.5,15.8429,35.2813,17.4052,4.0456
,,,,,,,,,,
2026-05-18 08:20:00,17.6867,2036.6167,70.2767,34.7383,44.975,9.8333,16.9717,33.1133,14.752,3.4458
2026-05-18 08:40:00,39.3567,2321.025,92.6858,34.5542,70.4533,29.8333,15.5983,33.1658,18.5733,4.3299
2026-05-18 09:00:00,31.3808,2646.3083,93.7025,35.3992,84.9217,49.8333,17.7992,32.6892,20.9971,4.877
2026-05-18 09:20:00,39.1889,2076.037,94.0086,35.5284,89.7148,63.3333,18.2901,33.5593,17.6038,4.2207
,,,,,,,,,,
2026-05-18 10:00:00,33.8388,2553.7164,93.4239,35.9194,91.4463,109.8333,17.0343,32.709,21.2001,4.9512
2026-05-18 10:20:00,26.4892,2416.425,93.2,33.7642,91.5975,129.8333,16.2858,32.5975,17.9957,4.158
2026-05-18 10:40:00,18.7583,2122.2833,93.4908,32.4733,91.7925,149.8333,14.8708,34.2783,15.2824,3.6008
2026-05-18 11:00:00,31.94,2621.9083,93.9625,35.3658,92.0842,169.8333,17.6925,32.4742,21.6958,5.0564
2026-05-18 11:20:00,46.7333,2566.0833,93.8067,33.7342,92.2433,189.8333,15.2075,32.4317,19.7623,4.5685
2026-05-18 11:40:00,19.5075,2022.5583,93.69,33.6017,92.0908,209.8333,15.6567,34.4992,15.7897,3.7267
2026-05-18 12:00:00,20.3263,2315.3684,93.6632,33.6368,91.9579,213.0,15.8211,32.7053,16.8763,3.9658
,,,,,,,,,,
2026-05-19 07:00:00,29.2906,2606.5,79.349,34.2177,54.276,15.8333,17.0188,37.3729,20.6441,4.7837
2026-05-19 07:20:00,14.5375,1923.1333,93.8175,33.2083,77.4425,35.8333,15.9992,37.425,13.3485,3.0959
2026-05-19 07:40:00,44.0633,2779.725,94.3617,35.8192,87.2,55.8333,18.1833,36.9383,23.7723,5.5146
2026-05-19 08:00:00,28.085,2335.8417,94.2083,34.4233,90.3383,75.8333,16.9642,37.4025,17.4257,4.047
2026-05-19 08:20:00,77.2625,1608.0,94.4,34.5125,91.05,77.1667,18.75,36.45,12.5125,3.0025
,,,,,,,,,,
2026-05-19 09:00:00,27.4196,2341.7451,94.0529,32.0735,91.5853,135.8333,14.5382,38.6941,18.664,4.3888
2026-05-19 09:20:00,29.7275,2517.3417,94.0392,34.1783,91.53,155.8333,16.9442,37.3933,19.898,4.5859
2026-05-19 09:40:00,23.5775,1985.6833,94.1642,32.2417,91.715,175.8333,14.5442,38.7283,14.1607,3.3332
2026-05-19 10:00:00,51.1083,2682.35,94.4008,36.7167,91.9842,195.8333,17.0267,36.9475,23.1314,5.3911
2026-05-19 10:20:00,29.8833,2031.0083,94.2017,31.2958,92.01,215.8333,13.6183,38.8267,14.6536,3.4588
2026-05-19 10:40:00,38.7525,2778.3,94.6017,35.5308,92.23,235.8333,16.5625,37.0583,23.1757,5.3773
2026-05-19 11:00:00,33.1392,2184.3243,94.2905,32.8892,92.0446,248.1667,15.3324,37.3068,15.415,3.572
,,,,,,,,,,
2026-05-20 07:20:00,27.1685,2531.8889,70.4074,36.9611,47.1093,8.8333,19.1352,37.0204,21.6152,5.0454
2026-05-20 07:40:00,17.0292,1460.5417,93.0083,26.9783,70.5275,28.8333,8.0183,42.19,9.6406,2.4641
2026-05-20 08:00:00,16.9733,2060.7,94.4625,33.2917,84.51,48.8333,15.9125,36.9733,14.6001,3.3941
2026-05-20 08:20:00,41.0358,2467.75,94.3392,36.3425,89.495,68.8333,17.185,37.1392,21.3716,5.0228
2026-05-20 08:40:00,32.4542,2191.7083,94.3492,31.8917,91.1075,88.8333,14.0033,38.6533,16.966,4.0165
2026-05-20 09:00:00,27.9633,2346.4167,94.23,33.3517,91.7575,108.8333,15.385,37.4475,17.8313,4.1421
2026-05-20 09:20:00,13.6508,1828.2459,94.1115,33.5639,92.018,119.0,17.4639,37.7197,14.7338,3.491
,,,,,,,,,,
2026-05-20 11:40:00,23.9,2496.6364,47.8,50.3455,44.7364,1.6667,30.5545,36.9818,29.6664,6.98
2026-05-20 12:00:00,31.1308,2135.6167,86.4075,32.2233,64.9058,21.6667,13.6625,38.595,16.4057,3.8905
2026-05-20 12:20:00,23.2475,1544.9,94.76,29.8767,82.585,41.6667,10.1942,41.715,11.9835,3.0166
2026-05-20 12:40:00,47.2906,2212.6979,94.676,34.8479,88.3979,57.6667,17.0927,37.6698,18.0809,4.2756
,,,,,,,,,,
2026-05-20 13:40:00,23.2878,1842.3415,95.0366,35.7659,91.361,121.6667,15.0122,40.8585,17.9183,4.4022
2026-05-20 14:00:00,26.8033,2156.9167,94.6358,31.5708,91.715,141.6667,13.86,38.15,16.4584,3.8864
2026-05-20 14:20:00,35.4775,2590.925,94.2167,32.2925,91.9958,161.6667,15.195,37.1675,20.8007,4.8671
2026-05-20 14:40:00,28.7604,2003.2358,94.2679,31.7415,92.2821,179.3333,12.9679,39.3991,16.4992,3.9577
,,,,,,,,,,
2026-05-21 06:00:00,27.9167,2465.0513,74.2615,35.1128,47.8385,12.8333,17.7603,32.3718,19.6976,4.5783
2026-05-21 06:20:00,27.2083,2049.4083,92.8217,32.79,73.0975,32.8333,14.7167,33.9308,15.5755,3.68
2026-05-21 06:40:00,41.1,2582.9417,93.4067,35.5717,85.265,52.8333,16.7208,32.1175,21.3787,4.9977
2026-05-21 07:00:00,12.3926,1754.6049,93.5235,33.0988,89.3309,66.3333,16.4086,32.9802,12.0867,2.8028
,,,,,,,,,,
2026-05-21 08:20:00,21.2097,2219.0215,79.8226,36.5989,65.7785,15.3333,17.8226,32.6645,17.9772,4.2056
2026-05-21 08:40:00,45.3067,2739.4083,93.5792,33.3975,81.7342,35.3333,15.8867,32.0933,21.9648,5.0687
2026-05-21 09:00:00,27.9808,2202.2083,93.9442,32.52,88.5783,55.3333,14.825,33.5975,17.0851,3.997
2026-05-21 09:20:00,0.41,738.2,93.89,23.59,89.94,57.0,5.32,39.87,2.829,0.935
,,,,,,,,,,
2026-05-21 10:40:00,5.4,861.5,38.45,54.85,46.5,0.1667,32.5,33.75,9.72,2.33
2026-05-21 11:00:00,38.0858,2375.6583,82.7133,35.8625,64.72,20.1667,18.1025,33.085,20.5168,4.8311
2026-05-21 11:20:00,30.8308,2474.4417,93.555,34.0583,82.6533,40.1667,15.9942,32.4358,18.9981,4.4141
2026-05-21 11:40:00,63.9321,2493.283,93.7208,37.7415,87.9585,49.0,19.5811,31.8302,21.4706,5.1379
,,,,,,,,,,
2026-05-21 12:20:00,28.175,2483.4722,93.7,32.4528,90.8361,100.1667,14.7917,32.3056,18.2992,4.2028
2026-05-21 12:40:00,35.2117,2573.1167,93.6825,33.8333,91.175,120.1667,16.1883,32.8633,20.3343,4.6952
2026-05-21 13:00:00,29.8066,2566.0769,93.5165,35.0615,91.7462,135.3333,16.7967,32.6022,21.613,5.0011
,,,,,,,,,,
2026-05-22 07:40:00,37.4985,2487.3636,71.3106,36.8333,45.3,10.8333,19.3576,31.3091,21.3359,4.9748
2026-05-22 08:00:00,17.7942,1821.2667,92.3033,29.9633,71.105,30.8333,13.0525,33.1608,12.0315,2.8054
2026-05-22 08:20:00,27.4,2403.575,93.4617,34.7925,85.0083,50.8333,16.375,31.8983,18.6061,4.3567
2026-05-22 08:40:00,34.3167,2718.1917,93.6892,34.6975,89.7242,70.8333,17.63,31.4442,22.0395,5.0812
2026-05-22 09:00:00,18.9717,2075.525,93.9433,32.075,91.1858,90.8333,14.3475,33.38,15.5398,3.6649
2026-05-22 09:20:00,41.4167,2750.8583,94.1058,35.9142,91.5325,110.8333,17.8592,31.1242,23.5972,5.5178
2026-05-22 09:40:00,30.9732,2187.5915,93.7803,33.6634,91.8648,122.6667,15.7817,31.5254,15.8613,3.6818
,,,,,,,,,,
2026-05-22 11:20:00,42.9757,2495.3739,81.1548,35.0183,64.827,19.0,16.4513,31.8461,20.7058,4.8414
2026-05-22 11:40:00,24.8283,2303.1167,93.43,33.9058,82.7083,39.0,16.265,31.7933,17.5167,4.0948
2026-05-22 12:00:00,39.063,2036.8,93.352,36.295,88.669,55.6667,19.062,31.365,16.7064,3.9693
,,,,,,,,,,
2026-05-22 12:40:00,23.5719,2445.8125,94.4656,31.6094,93.2312,99.0,14.6875,31.4156,16.6809,3.8469
2026-05-22 13:00:00,24.76,2474.1167,93.8325,34.39,92.615,119.0,16.9808,31.4233,19.3234,4.4933
2026-05-22 13:20:00,23.6467,2386.0583,93.6675,33.97,92.3175,139.0,16.4517,31.5608,17.8528,4.1412
2026-05-22 13:40:00,21.1156,2268.3438,93.3677,32.6479,92.1083,155.0,15.8573,31.3958,16.4281,3.7956
,,,,,,,,,,
2026-05-23 07:00:00,14.7833,1882.0,42.9333,52.2333,36.2,0.8333,29.05,36.2167,19.3917,4.6533
2026-05-23 07:20:00,33.8275,2682.8333,84.3242,33.305,58.7817,20.8333,16.1408,36.3933,20.5047,4.7608
2026-05-23 07:40:00,25.0992,1938.65,93.9308,30.6533,79.8892,40.8333,12.3858,38.99,14.2587,3.4188
2026-05-23 08:00:00,15.0667,1764.0917,94.2492,32.075,87.1117,60.8333,13.8158,38.7175,14.2013,3.4171
2026-05-23 08:20:00,38.46,2610.2417,94.08,34.1067,89.9517,80.8333,16.1842,36.2983,20.5578,4.7498
2026-05-23 08:40:00,5.6429,1007.5,93.7357,35.7929,90.9786,83.1667,18.9,36.2429,8.2407,1.9786
,,,,,,,,,,
2026-05-23 10:00:00,21.1027,2036.3482,82.8232,31.3339,67.9518,18.5,13.4277,38.1955,14.9086,3.5137
2026-05-23 10:20:00,18.46,1552.5167,94.4658,31.0033,83.2517,38.5,12.885,39.64,11.1668,2.7846
2026-05-23 10:40:00,80.15,1734.5,94.55,33.0,87.625,39.1667,15.725,35.925,12.6075,2.9475
,,,,,,,,,,
2026-05-23 11:00:00,11.8379,1719.7586,94.5379,34.5724,91.9,78.5,16.5103,36.5483,12.3955,2.9283
2026-05-23 11:20:00,17.6,1484.775,94.645,32.1058,91.8358,98.5,13.535,39.5133,12.0016,2.9818
2026-05-23 11:40:00,33.5408,2300.025,94.7542,32.4225,92.0067,118.5,14.72,37.1208,16.6632,3.8649
2026-05-23 12:00:00,1.0,690.0,94.7,29.6,92.0,118.6667,10.3,36.6,4.84,1.16
,,,,,,,,,,
2026-05-24 06:00:00,20.8583,2233.8333,44.9,46.4917,33.7667,1.8333,24.9917,32.5,22.3217,5.3583
2026-05-24 06:20:00,41.3742,2750.75,85.7158,34.2275,58.3133,21.8333,17.3025,32.1567,21.7094,4.9815
2026-05-24 06:40:00,36.0342,2783.0667,93.1967,34.5867,80.6383,41.8333,17.1225,31.8942,22.3878,5.203
2026-05-24 07:00:00,34.6808,2192.15,93.5358,33.3442,88.0583,61.8333,16.0417,32.2833,16.4448,3.8154
2026-05-24 07:20:00,20.5958,2131.6667,93.7417,33.2771,90.3458,69.8333,15.9646,32.2854,17.0254,4.0165
,,,,,,,,,,
2026-05-24 09:40:00,29.3267,2323.8833,80.6592,35.4217,60.16,19.8333,17.275,32.2975,19.0513,4.4483
2026-05-24 10:00:00,50.1983,2740.1417,93.4408,35.045,81.3617,39.8333,16.5875,31.8308,22.7088,5.2264
2026-05-24 10:20:00,25.5327,2041.6909,93.6991,32.8745,88.5464,58.1667,15.6982,32.4336,15.2865,3.5718
,,,,,,,,,,
2026-05-24 11:40:00,38.6868,2280.1316,77.5645,39.6447,64.3934,12.5,20.5289,32.0,21.0828,4.9103
2026-05-24 12:00:00,50.0644,2335.4444,92.9833,39.3878,79.0178,27.5,21.1933,32.4278,23.1931,5.4107
,,,,,,,,,,
2026-05-24 12:20:00,73.4882,2201.5294,93.7,37.1765,89.6412,46.5,20.1647,31.4176,19.3494,4.6194
,,,,,,,,,,
2026-05-24 13:20:00,19.2156,2102.2078,93.5416,34.7506,91.5896,112.5,17.4117,32.6273,15.9505,3.6912
2026-05-24 13:40:00,35.7272,2307.3204,93.6233,33.2796,91.8699,129.6667,16.1971,32.2388,17.9942,4.1627
,,,,,,,,,,
2026-05-25 06:20:00,39.4574,2607.3519,80.1417,36.4583,54.4722,17.8333,18.3324,34.5056,21.8749,5.1006
2026-05-25 06:40:00,45.0408,2737.6583,93.5033,32.7067,78.4783,37.8333,14.7742,34.6042,20.679,4.7157
2026-05-25 07:00:00,35.35,2455.6,93.7083,34.3067,87.3833,57.8333,16.1833,34.8225,19.1111,4.4029
2026-05-25 07:20:00,18.4475,1988.3667,93.9908,34.185,90.125,77.8333,16.4717,35.3708,15.0251,3.5184
2026-05-25 07:40:00,13.5019,1752.7115,93.9673,30.4577,91.225,86.5,14.1442,37.1731,12.0756,2.8908
,,,,,,,,,,
2026-05-25 10:00:00,33.4855,2520.6727,80.2518,35.6191,60.6145,18.1667,18.1918,34.4973,20.8135,4.8307
2026-05-25 10:20:00,44.575,2323.8833,93.46,34.38,80.8467,38.1667,17.515,34.5425,18.5056,4.3196
2026-05-25 10:40:00,88.76,1858.2,93.9,32.57,86.45,39.8333,16.03,34.07,13.688,3.244
,,,,,,,,,,
2026-05-26 08:20:00,22.5731,2304.9744,74.1051,35.9744,47.3654,12.8333,18.2538,31.0679,18.2441,4.2245
2026-05-26 08:40:00,4.0675,1036.875,93.5825,23.8858,72.5775,32.8333,5.2183,38.2083,5.2457,1.4932
2026-05-26 09:00:00,36.1333,2315.0083,93.74,35.8483,85.4133,52.8333,18.0075,31.2358,18.6009,4.3442
2026-05-26 09:20:00,94.2,1975.4,93.5,37.24,88.88,53.6667,15.86,30.04,15.602,3.744
,,,,,,,,,,
2026-05-26 09:40:00,39.1231,3038.2308,93.6538,41.9077,91.7846,92.8333,22.3769,30.7462,30.6046,7.2231
2026-05-26 10:00:00,45.8075,2706.9917,93.6092,34.3067,91.7692,112.8333,15.7692,30.9525,20.9209,4.8092
2026-05-26 10:20:00,12.975,1545.4,93.8492,27.6408,91.96,132.8333,9.0758,35.8542,10.3986,2.5992
2026-05-26 10:40:00,19.9275,2086.6417,93.6175,34.7575,92.0742,152.8333,17.1033,31.1375,16.2717,3.7803
2026-05-26 11:00:00,23.89,2128.675,93.6225,35.6308,92.2208,172.8333,17.7267,31.3075,17.2337,4.0418
2026-05-26 11:20:00,33.4217,2458.5167,93.3017,33.8458,92.1567,192.8333,16.28,31.1358,18.2445,4.2016
2026-05-26 11:40:00,26.3175,2470.9417,93.4733,34.2108,92.0108,212.8333,15.9792,32.1258,20.2148,4.7641
2026-05-26 12:00:00,33.4561,2415.6636,93.7495,33.5112,92.0075,230.6667,15.7963,31.3822,17.9247,4.1212
,,,,,,,,,,
2026-05-27 06:40:00,22.8274,2144.9643,77.4286,34.3,52.3298,13.8333,17.2619,37.4071,16.8226,3.8961
2026-05-27 07:00:00,29.5875,2406.7583,93.5208,35.3275,75.6917,33.8333,16.7908,37.1575,19.451,4.5284
2026-05-27 07:20:00,43.7917,2861.7333,94.31,34.25,86.8108,53.8333,16.875,37.155,23.8069,5.5097
2026-05-27 07:40:00,34.9,2574.7667,94.0458,33.8833,89.9075,73.8333,16.5025,37.1133,19.8236,4.5875
2026-05-27 08:00:00,25.0842,2459.5,93.9808,33.4925,90.9158,93.8333,16.4567,37.4033,18.0344,4.1618
2026-05-27 08:20:00,14.8042,1924.5417,94.0292,31.9833,91.1708,97.8333,15.3792,37.3208,12.9362,2.9888
,,,,,,,,,,
2026-05-27 10:00:00,12.4595,1764.1071,78.2071,35.4798,61.9512,13.8333,17.519,37.181,12.884,3.014
2026-05-27 10:20:00,24.0717,2512.3,93.7075,34.1233,79.7642,33.8333,16.6375,37.655,19.1238,4.4364
2026-05-27 10:40:00,33.5483,2073.0417,94.28,33.31,88.2742,53.8333,16.6817,37.0467,15.0242,3.4961
2026-05-27 11:00:00,43.44,2241.3455,94.3891,39.8091,90.0218,63.0,20.0564,37.0309,19.8813,4.7616
,,,,,,,,,,
2026-05-27 11:20:00,42.1524,2525.5333,94.1067,33.1886,91.2733,93.8333,16.2829,37.1124,19.0192,4.4481
2026-05-27 11:40:00,31.1092,2513.9083,94.0842,34.225,91.62,113.8333,16.7842,37.2525,19.8343,4.5799
2026-05-27 12:00:00,30.5242,2481.85,94.1275,33.9517,91.7867,133.8333,16.5967,37.1175,18.7944,4.3564
2026-05-27 12:20:00,15.7,1738.0,94.1,41.4,91.7,134.0,24.8,39.6,15.48,3.72
,,,,,,,,,,
2026-05-28 06:20:00,26.8592,2360.5,81.9717,33.5417,57.6442,19.8333,16.615,37.0433,17.6603,4.0735
2026-05-28 06:40:00,18.985,2069.5,93.7158,33.9125,80.4367,39.8333,16.3225,37.495,15.1226,3.5265
2026-05-28 07:00:00,19.8745,2167.5294,94.1608,34.4147,87.8892,56.8333,17.2441,37.4833,16.2524,3.7859
,,,,,,,,,,
2026-05-28 09:20:00,13.5182,1542.5909,73.9561,29.2364,55.8258,10.8333,10.9848,41.4076,10.4292,2.6018
2026-05-28 09:40:00,32.565,2349.3917,93.3617,34.3283,76.025,30.8333,16.5975,36.9492,17.7017,4.1051
2026-05-28 10:00:00,38.4577,2241.2535,94.0634,32.3155,85.5437,42.6667,14.7127,37.4831,16.5503,3.8723
,,,,,,,,,,
2026-05-28 11:00:00,12.5789,1785.1579,61.1211,38.1211,59.6789,3.0,20.3684,37.0263,13.9674,3.2884
2026-05-28 11:20:00,41.2608,2224.4667,89.6833,33.6875,74.1317,23.0,15.1358,38.5233,18.4097,4.3401
2026-05-28 11:40:00,35.9278,2028.9175,94.1742,38.0649,85.6876,39.1667,19.7588,37.701,17.6231,4.2245
,,,,,,,,,,
2026-05-28 13:00:00,3.8,934.0,94.0,31.6667,91.6,104.1667,14.8,37.6,7.1533,1.7167
,,,,,,,,,,
2026-05-29 06:00:00,11.325,1703.3889,60.5278,37.575,39.0528,5.8333,18.9194,32.0889,13.5747,3.2219
2026-05-29 06:20:00,33.2958,2288.7583,90.3983,32.3575,64.8858,25.8333,15.165,32.5325,17.2452,4.0386
2026-05-29 06:40:00,28.8925,1947.5917,93.5983,30.4333,82.6925,45.8333,12.4492,34.9667,15.2465,3.6912
2026-05-29 07:00:00,0.4167,719.1667,93.9333,24.7167,86.8167,46.8333,4.8333,40.5833,2.8833,1.0133
,,,,,,,,,,
2026-05-29 07:20:00,20.9143,2286.2143,77.2262,36.7071,71.0762,6.8333,17.7762,31.8381,17.5507,4.1071
2026-05-29 07:40:00,8.55,1357.75,92.4725,27.6108,81.3692,26.8333,9.4167,36.1625,8.4915,2.175
2026-05-29 08:00:00,12.1155,1666.5636,93.95,31.1436,87.7109,45.1667,13.4255,34.2218,11.3835,2.7323
,,,,,,,,,,
2026-05-29 10:00:00,7.4348,1325.9375,80.5768,29.7884,61.8018,18.5,11.6366,35.6018,8.6676,2.1842
2026-05-29 10:20:00,14.2433,1508.7417,93.58,31.27,80.8367,38.5,12.9858,35.5042,11.1364,2.7658
2026-05-29 10:40:00,72.4964,2363.3929,93.6571,40.1036,86.7107,43.1667,22.0893,30.9036,21.7682,5.2129
,,,,,,,,,,
2026-05-29 11:20:00,26.1955,2077.0112,93.3955,31.127,91.1281,98.5,13.4292,33.473,15.5321,3.6716
2026-05-29 11:40:00,10.835,1493.3083,94.1608,29.445,91.37,118.5,11.2342,35.5817,10.2214,2.5317
2026-05-29 12:00:00,34.0237,2556.1184,93.6539,33.9,91.4382,131.1667,16.5079,31.6105,20.2246,4.6903
,,,,,,,,,,
2026-05-30 06:40:00,35.3544,2519.8444,78.0833,36.8633,52.5578,14.8333,18.0544,35.54,21.0534,4.9059
2026-05-30 07:00:00,26.0958,2304.6833,93.7317,33.9342,76.8983,34.8333,16.28,36.0358,16.6856,3.83
2026-05-30 07:20:00,34.37,2762.6667,94.17,33.8617,87.2275,54.8333,16.4825,35.9308,22.0959,5.146
2026-05-30 07:40:00,41.355,2566.5333,94.08,35.5308,90.5125,74.8333,17.9042,35.61,21.3233,4.9519
2026-05-30 08:00:00,32.535,2427.2667,93.8117,32.2925,91.45,94.8333,15.4875,35.9508,18.1063,4.1654
2026-05-30 08:20:00,4.6049,1019.6098,93.978,32.5902,91.439,101.6667,15.1341,37.2098,7.4451,1.8185
,,,,,,,,,,
2026-05-30 10:00:00,40.3844,2647.367,81.544,35.6018,65.0367,18.0,17.4385,35.8156,21.7174,5.0374
2026-05-30 10:20:00,26.4708,2424.8333,93.6392,33.4375,82.1692,38.0,16.2192,36.1283,19.0905,4.4397
2026-05-30 10:40:00,69.3139,2159.2778,93.9944,37.0861,87.7583,44.0,19.1667,35.6417,18.1153,4.3075
,,,,,,,,,,
2026-05-30 11:20:00,38.1359,2871.5641,94.141,33.7628,91.3615,98.0,15.6359,35.9795,23.3097,5.4342
2026-05-30 11:40:00,36.9042,2580.5417,94.0775,33.8783,91.6067,118.0,16.3483,35.7508,20.2382,4.6877
2026-05-30 12:00:00,29.095,2369.6,94.1308,31.22,91.6667,138.0,13.5617,37.5275,17.2942,4.0595
2026-05-30 12:20:00,25.37,2251.7833,94.5933,34.5375,91.815,158.0,16.1967,36.4033,17.1179,4.0213
2026-05-30 12:40:00,20.8943,2074.4151,94.6189,33.3189,92.017,166.8333,15.7302,36.3717,16.0942,3.7913
,,,,,,,,,,
2026-05-31 08:00:00,15.135,1926.8667,70.5333,34.1217,45.615,9.8333,16.9433,33.5883,13.6125,3.1522
2026-05-31 08:20:00,22.0208,2058.5917,92.6908,31.7483,70.7392,29.8333,14.1867,35.1433,16.0092,3.8086
2026-05-31 08:40:00,17.4608,1954.1167,93.9075,32.41,85.08,49.8333,14.1975,35.3717,14.4355,3.4387
2026-05-31 09:00:00,22.8658,2184.6917,93.6458,33.4033,89.3933,69.8333,16.0267,33.5933,16.4358,3.8187
2026-05-31 09:20:00,29.4833,2626.25,93.8058,34.7008,90.7658,89.8333,16.6725,33.4275,21.0762,4.9131
2026-05-31 09:40:00,29.7908,2503.3833,93.8233,33.9542,91.5225,109.8333,16.7792,33.3417,19.5279,4.5369
2026-05-31 10:00:00,13.4367,1535.0167,93.9983,32.1667,91.8617,119.8333,13.8083,36.8633,12.1842,2.9493
,,,,,,,,,,
2026-05-31 11:00:00,26.94,2439.4333,81.3633,36.4611,70.3278,14.8333,18.7178,33.4933,20.7137,4.8567
2026-05-31 11:20:00,33.9983,2770.075,93.2192,34.2108,83.4617,34.8333,16.19,33.4925,21.6827,4.9891
2026-05-31 11:40:00,46.9308,2502.325,93.6808,35.4158,89.1333,54.8333,17.835,33.0383,20.3653,4.7943
2026-05-31 12:00:00,94.6,1992.0,93.8,34.45,90.6,55.1667,15.6,33.35,15.325,3.675
,,,,,,,,,,
2026-05-31 12:40:00,30.0921,2517.6053,94.1855,33.9132,92.1132,114.8333,16.475,33.4855,19.812,4.5792
2026-05-31 13:00:00,19.0267,2072.8,93.98,32.0792,91.885,134.8333,14.2492,35.2667,15.987,3.7762
2026-05-31 13:20:00,24.5892,2327.3083,93.8708,33.5292,91.9558,154.8333,16.2592,33.4942,17.1986,3.9908
2026-05-31 13:40:00,7.2029,1178.4857,93.88,31.2629,91.9029,160.6667,14.2086,35.3086,8.49,2.0863
,,,,,,,,,,
2026-06-01 07:20:00,11.6167,1760.5833,49.5333,39.25,39.2833,1.8333,21.6833,38.0833,14.06,3.28
2026-06-01 07:40:00,17.1325,1921.1083,86.8275,32.3142,61.605,21.8333,14.52,39.4517,14.7353,3.5146
2026-06-01 08:00:00,21.4642,2119.425,94.5042,31.93,81.3117,41.8333,13.7583,40.3442,16.4734,3.8958
2026-06-01 08:20:00,32.76,2548.1333,94.1658,33.545,88.53,61.8333,16.0933,38.6308,21.0018,4.9088
2026-06-01 08:40:00,26.32,2484.0083,94.4083,33.5842,90.7533,81.8333,16.57,38.0333,19.1709,4.4435
2026-06-01 09:00:00,21.0736,2331.0575,94.6287,33.5448,91.3253,96.3333,15.9621,37.9023,17.2661,4.0213
,,,,,,,,,,
2026-06-01 10:40:00,13.1515,1732.0606,81.1869,31.0273,65.6,16.3333,12.9919,39.9505,11.6088,2.7647
2026-06-01 11:00:00,19.4025,1630.5833,94.8167,30.8683,81.9542,36.3333,12.6633,42.0042,12.3661,3.0648
2026-06-01 11:20:00,72.3125,2252.625,94.8375,30.1375,86.9375,37.6667,13.6875,36.7875,15.4375,3.6512
,,,,,,,,,,
2026-06-01 11:20:00,27.1451,1414.2394,94.9155,33.1268,88.9127,52.5,13.1254,42.6183,11.3537,2.9175
,,,,,,,,,,
2026-06-01 12:00:00,16.05,1792.7683,93.9707,32.5963,91.2585,96.3333,15.7963,38.5622,12.7406,2.98
2026-06-01 12:20:00,11.3875,1448.4083,94.535,29.8567,91.3725,116.3333,11.4883,42.2333,10.3668,2.6196
2026-06-01 12:40:00,47.2008,2665.975,94.4625,36.7333,91.8475,136.3333,17.9525,37.75,23.2111,5.412
2026-06-01 13:00:00,41.3792,2529.8333,94.5217,34.48,92.1817,156.3333,15.6717,38.5158,20.6323,4.8331
2026-06-01 13:20:00,32.3077,2596.1319,94.3901,33.6538,92.4747,171.5,16.6286,37.9879,20.2724,4.6751
,,,,,,,,,,
2026-06-02 06:00:00,26.2182,2388.9848,73.847,36.2333,49.5197,10.8333,18.7076,37.2136,19.5048,4.5167
2026-06-02 06:20:00,30.1233,2490.4667,93.4042,34.3517,73.1708,30.8333,16.0267,37.145,18.3842,4.2132
2026-06-02 06:40:00,28.4025,2335.6,94.5142,33.1358,85.6008,50.8333,15.0333,38.6158,18.7761,4.4257
2026-06-02 07:00:00,44.1842,2839.9,94.3592,33.8583,89.7025,70.8333,15.8592,36.8858,22.3785,5.1689
2026-06-02 07:20:00,31.4625,2562.575,94.2642,34.7458,90.78,90.8333,16.8108,37.2042,20.6462,4.8152
2026-06-02 07:40:00,30.0084,2279.729,93.8673,31.0168,91.5131,108.6667,13.9019,38.0505,16.481,3.8295
,,,,,,,,,,
2026-06-02 09:00:00,17.6233,2027.4384,78.3521,36.1671,66.4767,12.0,18.3849,37.3603,15.5395,3.6219
2026-06-02 09:20:00,31.37,2595.4917,93.4833,34.8833,80.9692,32.0,17.2667,37.135,21.298,4.9578
2026-06-02 09:40:00,47.3308,2531.875,94.215,33.325,88.28,52.0,15.6225,37.1575,19.5233,4.5174
2026-06-02 10:00:00,35.0432,1794.9009,94.3,35.4631,90.5532,70.5,17.2072,38.3937,14.6597,3.5118
,,,,,,,,,,
2026-06-02 10:40:00,21.2394,1831.1743,95.0688,31.9606,92.2266,112.0,14.0826,38.8514,12.6987,3.0433
2026-06-02 11:00:00,29.98,2533.6167,94.6517,34.5517,92.1308,132.0,17.2025,37.1833,19.9532,4.6493
2026-06-02 11:20:00,29.09,2205.5,94.6983,34.1517,91.7275,152.0,15.83,38.48,17.8487,4.2142
2026-06-02 11:40:00,35.48,2306.3636,94.3564,32.0527,91.78,161.1667,14.9491,37.1109,16.7604,3.8573
,,,,,,,,,,
2026-06-03 06:00:00,30.6553,2231.4386,81.2342,34.4044,55.7167,18.8333,15.4658,37.5368,18.326,4.3217
2026-06-03 06:20:00,27.5892,2523.55,93.96,34.3358,79.5483,38.8333,16.6408,35.5883,19.8035,4.5868
2026-06-03 06:40:00,33.1267,2674.35,94.22,33.5183,87.8717,58.8333,16.1908,35.4575,21.1763,4.9182
2026-06-03 07:00:00,4.3824,974.1765,94.1588,30.5412,89.2529,61.6667,14.9118,37.0588,6.9547,1.6953
,,,,,,,,,,
2026-06-03 08:00:00,22.373,2148.5405,68.0568,43.4,60.7027,6.0,23.2568,36.2,22.6303,5.4105
2026-06-03 08:20:00,42.1883,2476.0167,91.7167,34.9175,76.2908,26.0,15.7733,35.5883,19.1291,4.4317
2026-06-03 08:40:00,45.6933,2874.7667,93.8875,35.1508,87.0025,46.0,16.825,35.4542,24.3817,5.6561
2026-06-03 09:00:00,23.9073,2097.3659,93.7878,30.6439,89.3366,52.8333,14.0756,35.6829,13.552,3.1083
,,,,,,,,,,
2026-06-03 10:20:00,24.3508,2167.7541,74.4246,39.4738,61.1672,10.0,19.441,35.9311,18.933,4.4582
2026-06-03 10:40:00,35.03,2427.9083,93.1458,34.165,77.985,30.0,16.46,35.58,18.908,4.3848
2026-06-03 11:00:00,37.3058,2067.95,94.2308,31.615,87.6775,50.0,14.715,36.33,14.4406,3.3682
2026-06-03 11:20:00,26.7897,1395.4231,94.6013,31.7897,89.5436,63.0,12.7282,40.8513,10.7238,2.7779
,,,,,,,,,,
2026-06-03 12:20:00,42.05,2715.5192,94.3038,36.3125,91.6673,130.0,17.6587,35.6529,22.9764,5.3666
2026-06-03 12:40:00,22.03,2180.98,94.272,33.068,91.676,138.3333,15.818,36.256,16.3674,3.7916
,,,,,,,,,,
2026-06-04 07:40:00,24.8,2109.6667,66.3896,37.3208,42.6563,7.8333,18.9458,32.5729,18.8873,4.3858
2026-06-04 08:00:00,19.7467,1782.4083,91.9542,29.59,67.9067,27.8333,11.1675,35.9875,12.3839,2.99
2026-06-04 08:20:00,22.3117,2070.275,93.6817,33.495,84.1142,47.8333,15.6733,34.0633,16.2902,3.8675
2026-06-04 08:40:00,25.9325,2172.0917,93.2125,31.4075,89.3633,67.8333,15.0083,32.89,14.9852,3.4523
2026-06-04 09:00:00,25.2517,1901.6667,93.6908,32.7575,90.8817,87.8333,15.8892,33.2767,13.7238,3.2467
2026-06-04 09:20:00,18.5944,1225.3178,94.4626,31.4009,91.5495,105.6667,11.115,38.3467,9.6195,2.5431
,,,,,,,,,,
2026-06-04 10:00:00,4.8786,1088.0918,94.0551,26.2939,92.2265,147.8333,7.5929,39.5204,6.8659,1.8656
2026-06-04 10:20:00,36.6642,2776.7667,94.1542,35.5892,92.355,167.8333,16.6167,32.9067,22.8344,5.3184
2026-06-04 10:40:00,35.455,2452.925,93.9542,33.9208,92.3117,187.8333,16.2733,33.6392,19.8913,4.6454
2026-06-04 11:00:00,22.14,2123.225,93.6583,33.8042,91.9667,207.8333,16.0308,33.4067,15.7107,3.6656
2026-06-04 11:20:00,13.8667,1940.0,93.9167,42.3667,91.7,208.8333,23.8667,32.6167,17.5633,4.2167
,,,,,,,,,,
2026-06-05 06:20:00,43.3772,2726.5789,80.5649,37.5386,54.543,18.8333,18.3377,33.4614,23.4673,5.4862
2026-06-05 06:40:00,42.0133,2515.5667,93.6542,34.08,79.0433,38.8333,16.7283,33.44,18.9862,4.3605
2026-06-05 07:00:00,42.2458,2855.9667,93.9875,35.0433,87.7383,58.8333,16.5317,33.4125,23.5936,5.4943
2026-06-05 07:20:00,29.5775,2348.7417,93.9167,32.5342,90.6108,78.8333,14.9967,34.1267,17.3768,4.0366
2026-06-05 07:40:00,24.0184,2142.069,93.8345,33.4655,91.2701,93.3333,16.0621,33.8345,16.913,3.9546
,,,,,,,,,,
2026-06-05 10:00:00,7.1667,1228.6667,37.1667,49.7,40.3,0.3333,26.3667,33.4,12.1733,2.9233
2026-06-05 10:20:00,33.6392,2632.675,82.4625,35.2708,61.2483,20.3333,17.6083,33.5508,21.2012,4.9026
2026-06-05 10:40:00,28.8975,2200.225,93.3008,34.415,81.8283,40.3333,17.15,33.5542,16.8662,3.9745
2026-06-05 11:00:00,75.4217,2293.087,93.8957,49.687,87.2261,44.1667,27.1,32.8043,25.6004,6.0887
,,,,,,,,,,
2026-06-05 11:00:00,0.0,731.7714,94.6971,20.8457,90.4,60.3333,1.9886,42.66,2.2897,0.8883
2026-06-05 11:20:00,54.6838,2139.973,94.8189,46.073,90.7432,66.5,23.8459,33.4108,20.8541,5.0154
,,,,,,,,,,
2026-06-05 12:20:00,12.1286,1950.0,93.8571,38.1571,92.0,136.3333,21.1286,33.6143,15.5686,3.6829
,,,,,,,,,,
2026-06-06 08:00:00,29.7178,2318.1111,77.1833,36.5156,50.5856,14.8333,18.5667,33.2278,18.1228,4.1828
2026-06-06 08:20:00,35.3175,2485.0583,93.0242,33.8792,75.4708,34.8333,16.4883,33.0642,18.9032,4.3634
2026-06-06 08:40:00,17.6375,1872.2083,93.6783,33.7,86.1683,54.8333,15.96,34.6292,14.1658,3.3198
2026-06-06 09:00:00,40.3175,2496.8083,93.7625,35.45,90.165,74.8333,17.2,33.0992,20.4416,4.7409
2026-06-06 09:20:00,35.0592,2433.9417,93.9567,34.4867,91.2092,94.8333,16.8308,33.7958,20.0641,4.7108
2026-06-06 09:40:00,40.2446,2477.7385,93.9231,32.0538,91.54,105.6667,15.5569,32.9831,17.962,4.1183
,,,,,,,,,,
2026-06-06 11:20:00,32.4115,2589.3115,72.0705,36.041,57.4557,10.0,18.4902,33.0328,20.9249,4.8641
2026-06-06 11:40:00,21.9042,1847.2417,92.5992,33.16,76.3108,30.0,14.66,34.45,14.8269,3.532
2026-06-06 12:00:00,39.0333,2147.2982,93.7491,35.3386,86.7439,49.0,16.2526,34.4316,17.4632,4.1614
,,,,,,,,,,
2026-06-06 13:00:00,18.3471,2117.5294,94.1176,33.2608,92.6216,110.0,16.3647,33.049,15.2227,3.541
2026-06-06 13:20:00,31.9692,2509.7333,94.1967,35.0325,92.3658,130.0,17.1558,33.1617,20.0593,4.6989
2026-06-06 13:40:00,20.275,1971.15,94.0842,31.0617,91.8392,150.0,13.7433,34.4958,13.7878,3.2542
2026-06-06 14:00:00,24.975,2466.0667,93.9842,34.3992,91.7833,170.0,17.0483,33.3775,19.1454,4.4451
2026-06-06 14:20:00,9.3029,1325.0882,93.9353,28.5294,91.7765,175.6667,11.6265,36.5647,8.445,2.0759
,,,,,,,,,,
2026-06-07 07:20:00,22.2865,2190.3646,79.6698,34.2781,54.6729,15.8333,16.5063,38.0667,16.4799,3.8234
2026-06-07 07:40:00,14.5092,1674.65,93.985,30.1875,77.435,35.8333,11.9842,41.3358,11.8223,2.8583
2026-06-07 08:00:00,48.3175,2886.2917,94.4708,33.1825,87.0042,55.8333,15.9158,37.7575,22.997,5.3199
2026-06-07 08:20:00,7.3202,1177.0787,94.7831,27.6933,89.3157,70.6667,9.4056,42.9258,8.4757,2.2038
,,,,,,,,,,
2026-06-07 10:20:00,20.7748,2331.6957,82.1774,33.7774,65.0617,19.0,16.1643,38.0852,16.791,3.8743
2026-06-07 10:40:00,27.0103,1656.0187,94.2093,33.6065,82.4869,36.8333,15.2121,40.4336,12.9031,3.1453
,,,,,,,,,,
2026-06-07 11:00:00,0.9059,801.2059,94.6,24.0088,89.2088,59.0,4.7735,45.0559,3.5529,1.1579
2026-06-07 11:20:00,38.185,2594.325,94.5058,33.7017,90.2258,79.0,16.7075,38.1392,20.1369,4.6564
2026-06-07 11:40:00,11.0725,1389.55,94.5608,27.14,90.6325,99.0,8.0975,43.3258,9.205,2.3831
2026-06-07 12:00:00,26.7283,2383.1417,94.4567,32.03,91.3942,119.0,15.135,38.0708,17.4809,4.0205
2026-06-07 12:20:00,15.0455,1884.5909,94.2091,32.1773,91.4136,122.6667,15.9545,37.9227,12.3123,2.8368
,,,,,,,,,,
2026-06-08 07:00:00,18.45,2129.0,51.2556,40.2056,37.1833,2.8333,21.2278,33.9611,17.7683,4.1956
2026-06-08 07:20:00,31.8458,2382.8667,87.6192,34.4367,61.1758,22.8333,16.42,34.4367,18.732,4.3351
2026-06-08 07:40:00,23.5925,2305.2333,93.6292,34.4533,81.4933,42.8333,17.1033,34.205,17.8835,4.1337
2026-06-08 08:00:00,40.35,2919.3417,93.6933,32.6075,88.6925,62.8333,15.225,34.09,23.3669,5.3768
2026-06-08 08:20:00,36.4575,2206.0583,93.61,32.175,90.4933,82.8333,14.6758,35.0017,16.525,3.8658
2026-06-08 08:40:00,33.885,2669.675,93.8433,34.7167,91.0558,102.8333,17.2858,34.1217,20.9843,4.8439
2026-06-08 09:00:00,17.0731,1955.5,93.8,31.0846,91.1923,107.1667,13.4308,34.4923,11.8419,2.6942
,,,,,,,,,,
2026-06-08 10:40:00,23.18,2124.5,45.75,45.26,46.7,1.5,25.92,34.65,20.291,4.832
2026-06-08 11:00:00,25.3067,2166.9833,85.6467,31.9992,65.6925,21.5,14.6842,35.28,16.4509,3.8507
2026-06-08 11:20:00,27.9375,2516.0917,93.5308,34.1258,83.3675,41.5,17.36,34.3675,19.8158,4.5691
2026-06-08 11:40:00,58.4914,2467.3857,93.91,40.6386,88.6414,53.1667,23.5771,33.6514,26.2156,6.1469
,,,,,,,,,,
2026-06-08 12:40:00,24.4033,2373.7582,94.1264,34.7429,91.9099,121.5,16.8099,34.2791,19.1616,4.4376
2026-06-08 13:00:00,12.7131,1906.3443,93.8016,33.7787,91.741,131.6667,16.5459,34.3295,13.6892,3.192
,,,,,,,,,,
2026-06-09 06:00:00,23.7,2161.1667,51.7444,39.5444,37.8667,2.8333,21.2944,34.9611,18.9778,4.4433
2026-06-09 06:20:00,26.8975,2363.9833,87.9,35.5217,61.4733,22.8333,17.9225,35.2975,18.8771,4.4296
2026-06-09 06:40:00,34.2775,2629.9,93.9408,33.3608,81.4733,42.8333,15.0292,35.0075,19.8923,4.5766
2026-06-09 07:00:00,28.1867,2190.9083,94.0425,35.285,88.0817,62.8333,17.0133,35.2042,17.5025,4.1128
2026-06-09 07:20:00,33.7908,2270.8333,94.1125,32.65,90.5933,82.8333,14.5883,36.3083,17.2143,4.0591
2026-06-09 07:40:00,19.5871,1883.9194,94.1823,32.7065,91.0565,93.1667,15.7742,35.2097,13.2545,3.114
,,,,,,,,,,
2026-06-09 09:40:00,28.5964,2407.5,58.2821,37.9679,49.2393,4.5,19.525,34.8286,20.0286,4.7079
2026-06-09 10:00:00,36.3158,2459.0833,89.93,34.3442,69.5317,24.5,16.0958,35.3258,19.1718,4.4748
2026-06-09 10:20:00,38.429,2502.5161,93.8226,39.271,83.886,40.0,22.072,35.3247,24.7529,5.7914
,,,,,,,,,,
2026-06-09 10:40:00,0.0,713.2,94.49,21.8,90.3,64.5,2.1,44.47,2.282,0.884
2026-06-09 11:00:00,34.28,2204.7667,94.9508,35.2625,91.4992,84.5,16.8892,35.5358,17.0322,3.9695
2026-06-09 11:20:00,32.7625,2403.4417,94.2642,35.4483,91.8067,104.5,18.2867,35.1942,19.9394,4.6491
2026-06-09 11:40:00,15.8254,1786.7164,94.0657,30.2746,91.7806,115.6667,13.1104,36.6955,12.1939,2.9201
,,,,,,,,,,
2026-06-10 07:00:00,14.9286,1921.5238,66.7262,37.0786,45.7786,6.8333,18.5929,37.9738,15.4236,3.635
2026-06-10 07:20:00,23.2967,2060.3583,91.8867,29.5958,68.6767,26.8333,11.8208,40.3708,14.8888,3.568
2026-06-10 07:40:00,21.9167,1946.6917,94.6375,30.1842,83.6217,46.8333,12.3975,41.5575,14.6316,3.5177
2026-06-10 08:00:00,37.25,2519.4083,94.2542,31.9875,88.7617,66.8333,14.9558,38.63,18.6942,4.3424
2026-06-10 08:20:00,25.0533,2064.1833,94.54,32.5217,90.7658,86.8333,13.57,40.9258,16.6427,3.9945
2026-06-10 08:40:00,42.4722,2169.7963,94.5611,38.8519,91.2722,95.8333,20.9167,37.7926,18.1409,4.2819
,,,,,,,,,,
2026-06-10 09:20:00,5.4135,1175.7303,94.5753,25.3596,92.5506,146.8333,6.9562,43.9528,6.4957,1.7647
2026-06-10 09:40:00,33.1733,1981.5083,94.6283,34.9125,92.0225,166.8333,15.2767,39.5117,16.4397,3.9195
2026-06-10 10:00:00,14.105,1592.8333,94.8317,29.4167,91.9508,186.8333,11.0842,41.7842,10.8982,2.7152
2026-06-10 10:20:00,49.2,2761.0583,94.665,35.1833,92.1192,206.8333,17.1083,37.7417,22.8542,5.3248
2026-06-10 10:40:00,26.52,2507.5333,94.1295,32.6952,91.8105,224.3333,15.7905,38.1505,17.9237,4.1159
,,,,,,,,,,
2026-06-11 08:00:00,19.0872,2018.2692,75.8103,36.7731,50.6846,12.8333,18.5192,35.8833,15.9864,3.7382
2026-06-11 08:20:00,33.97,2431.7,93.4683,31.8842,74.945,32.8333,13.4575,36.975,18.329,4.2599
2026-06-11 08:40:00,14.5058,1733.9167,94.0283,34.1283,85.8583,52.8333,15.3525,38.1925,14.1828,3.4271
2026-06-11 09:00:00,49.1092,2625.2333,94.4075,35.8767,89.8008,72.8333,16.9417,35.5367,21.8989,5.0791
2026-06-11 09:20:00,49.9392,2723.525,94.1633,33.0025,91.2542,92.8333,15.41,35.6242,20.4532,4.7185
2026-06-11 09:40:00,1.12,782.4,93.905,27.905,91.7,96.1667,8.9,41.195,4.088,1.2135
,,,,,,,,,,
2026-06-11 10:40:00,24.6875,2235.5625,57.15,43.8938,57.5875,2.5,24.1687,35.825,20.465,4.8144
2026-06-11 11:00:00,21.0667,2167.0333,88.2867,33.3317,72.2392,22.5,15.35,37.0342,16.3839,3.8342
2026-06-11 11:20:00,43.0033,2199.9889,94.2,36.8844,84.43,37.5,19.2311,36.1667,19.0643,4.4908
,,,,,,,,,,
2026-06-11 12:40:00,23.8439,2059.7196,94.4196,31.6542,92.6364,122.5,13.8037,36.8178,13.9341,3.2418
2026-06-11 13:00:00,8.4058,1343.2333,94.3742,30.7458,91.9158,142.5,11.9233,39.6567,10.078,2.5431
2026-06-11 13:20:00,22.7133,1881.8667,94.2608,32.0233,91.95,162.5,13.3375,37.8883,13.7801,3.2529
2026-06-11 13:40:00,2.35,801.5,94.4,31.05,91.8,162.8333,14.7,38.75,5.925,1.695
,,,,,,,,,,
2026-06-12 06:40:00,9.5833,1513.5,38.15,42.9333,31.1833,0.8333,25.4,31.2833,13.9233,3.29
2026-06-12 07:00:00,34.9875,2498.125,83.1142,34.8008,56.065,20.8333,17.0608,31.18,19.4654,4.4966
2026-06-12 07:20:00,36.485,2485.2333,93.2917,34.095,79.9942,40.8333,16.1317,31.3125,19.3603,4.5068
2026-06-12 07:40:00,49.775,2750.4833,93.5917,34.3792,88.0467,60.8333,16.9592,30.8825,22.5886,5.2522
2026-06-12 08:00:00,31.845,2452.05,93.825,33.7958,90.6442,80.8333,16.2867,32.0158,19.1337,4.475
2026-06-12 08:20:00,43.5076,2281.3261,93.8511,38.0663,91.1359,96.1667,20.8848,32.0174,23.4465,5.5653
,,,,,,,,,,
2026-06-12 09:00:00,32.7075,2607.025,93.6425,31.86,93.075,140.8333,15.21,31.23,19.7875,4.5982
2026-06-12 09:20:00,21.5575,1955.35,93.5892,31.775,92.5392,160.8333,14.1758,33.415,14.49,3.4474
2026-06-12 09:40:00,22.2025,1954.0583,93.6933,34.9017,92.0142,180.8333,16.005,32.8583,15.8345,3.7761
2026-06-12 10:00:00,47.0067,2570.8333,93.5733,34.195,91.8708,200.8333,16.0817,30.9925,20.1719,4.6938
2026-06-12 10:20:00,41.6008,2485.5667,93.58,33.4208,91.8483,220.8333,15.1767,31.2875,18.4985,4.2857
2026-06-12 10:40:00,28.06,2501.8667,93.5067,33.9792,91.9867,240.8333,16.4858,31.535,19.5278,4.5359
2026-06-12 11:00:00,30.4111,2242.7071,93.1576,32.5939,91.6687,257.3333,15.5162,31.4657,17.1506,3.9462
,,,,,,,,,,
2026-06-13 07:40:00,14.3,1831.1667,41.1667,53.8667,34.1667,0.8333,33.2167,34.5833,21.1533,5.0767
2026-06-13 08:00:00,25.5558,2454.1333,83.9592,33.6458,57.675,20.8333,15.94,34.555,18.3538,4.2668
2026-06-13 08:20:00,7.9792,1266.5,93.8825,27.8833,79.93,40.8333,8.5708,40.3175,8.4296,2.2067
2026-06-13 08:40:00,23.2185,2367.4706,94.3303,33.784,87.6529,60.6667,16.0672,34.6538,17.7968,4.1312
,,,,,,,,,,
2026-06-13 10:00:00,22.3964,2376.4,73.1182,35.8927,62.0473,9.0,18.4982,34.7327,17.7704,4.0478
2026-06-13 10:20:00,17.4083,1821.2333,92.7717,28.7317,77.6258,29.0,10.8217,37.9308,12.7733,3.0997
2026-06-13 10:40:00,26.8633,2451.6417,93.97,32.8767,87.4575,49.0,15.73,34.3092,18.604,4.3235
2026-06-13 11:00:00,9.9571,1705.1429,93.9,35.0857,89.5429,50.1667,16.5429,34.6,12.6014,2.9986
,,,,,,,,,,
2026-06-13 11:20:00,21.4475,2393.1017,82.2814,36.5,76.0288,9.6667,18.6407,34.6356,19.1161,4.4288
2026-06-13 11:40:00,13.7842,1763.05,93.4892,28.6767,84.2033,29.6667,10.9992,38.2308,11.461,2.7777
2026-06-13 12:00:00,29.1571,1902.3929,93.994,35.5798,88.6905,43.6667,18.0869,34.4679,14.8687,3.5336
,,,,,,,,,,
2026-06-13 12:40:00,41.6692,2270.5794,94.1626,34.243,91.3907,89.6667,16.4336,34.8701,17.4673,4.1256
2026-06-13 13:00:00,27.2817,1833.3083,94.2517,28.0733,91.515,109.6667,9.6158,38.1625,12.6675,3.0983
2026-06-13 13:20:00,23.6242,2168.2333,94.3217,33.7225,91.4833,129.6667,16.0342,35.3817,16.4505,3.8656
2026-06-13 13:40:00,7.6722,1463.7222,94.0,31.9889,91.4,132.6667,14.5889,34.7222,10.6906,2.5656
,,,,,,,,,,
2026-06-14 06:20:00,12.9467,1752.0,60.3133,35.8833,41.9467,4.8333,18.2133,36.8567,12.788,3.0317
2026-06-14 06:40:00,29.3383,2221.05,90.3692,35.89,65.425,24.8333,18.01,36.42,18.7305,4.3987
2026-06-14 07:00:00,37.7839,2605.4911,93.9804,32.2563,82.6339,43.5,15.0187,36.3768,19.358,4.4537
,,,,,,,,,,
2026-06-14 09:00:00,28.1061,2546.8776,79.9041,34.8122,62.1969,16.1667,16.7663,36.5163,19.7569,4.5737
2026-06-14 09:20:00,18.7717,1652.2,94.1833,30.6117,80.4625,36.1667,11.22,41.0633,12.8191,3.1764
2026-06-14 09:40:00,17.6291,1907.0545,94.3182,31.7873,86.5418,45.3333,15.6673,36.8218,13.8162,3.2122
,,,,,,,,,,
2026-06-14 10:20:00,35.4128,2745.617,76.9085,37.0681,69.4681,7.6667,17.9319,36.5553,22.5604,5.2513
2026-06-14 10:40:00,31.6292,2418.925,92.7833,33.66,80.7767,27.6667,16.5767,36.4692,18.0818,4.1854
2026-06-14 11:00:00,81.7792,3249.9583,94.3167,54.1292,87.2125,31.6667,36.7042,36.6667,50.1908,11.6908
,,,,,,,,,,
2026-06-14 11:40:00,27.7466,2243.4655,94.0069,36.6448,91.5517,87.6667,18.0741,36.4948,19.1928,4.4724
2026-06-14 12:00:00,46.0692,2635.675,94.1125,35.4733,91.7317,107.6667,17.29,36.3575,21.2097,4.9352
2026-06-14 12:20:00,47.8968,2252.9365,94.0556,32.7635,91.8524,118.1667,15.1048,36.4508,15.5981,3.5717
,,,,,,,,,,
2026-06-15 06:40:00,27.4519,2163.75,80.1389,35.3657,54.1,17.8333,17.4796,34.8944,18.0698,4.2764
2026-06-15 07:00:00,28.365,2370.7417,93.7583,33.0892,78.0742,37.8333,15.8658,35.2325,18.7222,4.3988
2026-06-15 07:20:00,18.1134,1931.567,93.8299,32.6691,86.6134,54.0,15.3866,34.6701,13.5441,3.1502
,,,,,,,,,,
2026-06-15 08:40:00,37.3254,2743.3559,73.9847,38.2847,61.7966,9.6667,20.3339,34.3508,25.3195,5.8992
2026-06-15 09:00:00,33.3508,2415.4583,92.6258,32.7642,78.4383,29.6667,15.8917,34.0092,18.0908,4.1331
2026-06-15 09:20:00,32.35,2583.1,93.6375,34.4125,87.5717,49.6667,16.3517,34.2867,20.2137,4.6892
2026-06-15 09:40:00,16.7056,1907.7778,93.8306,30.6167,89.7167,55.6667,13.5722,34.7417,13.7139,3.1819
,,,,,,,,,,
2026-06-15 11:00:00,24.6242,2382.3583,83.2925,36.2817,68.4883,19.8333,18.3625,35.0183,20.0803,4.6905
2026-06-15 11:20:00,41.44,2676.6,94.0817,33.1717,84.1217,39.8333,15.9767,34.045,20.4779,4.7247
2026-06-15 11:40:00,44.5355,2241.7634,94.214,36.0398,88.8355,55.3333,18.1054,33.9839,17.6734,4.1916
,,,,,,,,,,
2026-06-15 12:40:00,46.5913,2640.5385,93.8106,35.6385,92.1048,119.8333,16.9154,34.726,22.5124,5.2338
2026-06-15 13:00:00,23.5866,2167.1343,93.6821,33.7776,92.2851,131.0,16.7597,34.1836,16.5791,3.8533
,,,,,,,,,,
2026-06-16 07:20:00,21.5958,2042.7083,66.1875,33.6792,42.425,7.8333,15.4021,34.4188,16.2696,3.8729
2026-06-16 07:40:00,32.9525,2165.0417,91.7317,31.6075,67.6683,27.8333,12.8517,35.425,17.6042,4.2026
2026-06-16 08:00:00,16.5675,1768.3083,94.1083,31.62,83.3192,47.8333,13.4408,35.57,13.6225,3.2833
2026-06-16 08:20:00,29.2867,2345.6833,93.7675,34.8158,88.8033,67.8333,17.2225,32.7367,18.6873,4.3677
2026-06-16 08:40:00,33.5592,2734.55,93.5817,33.6683,90.8175,87.8333,16.2758,32.7017,21.6452,4.9774
2026-06-16 09:00:00,25.6532,2295.6809,93.6234,31.4043,91.2532,95.6667,14.3936,32.7702,16.696,3.824
,,,,,,,,,,
2026-06-16 09:40:00,20.5154,1856.1538,59.6923,45.0,63.3615,2.0,24.8846,33.0538,17.5354,4.2085
2026-06-16 10:00:00,13.36,1754.3667,88.1617,27.9892,75.3083,22.0,10.2842,36.3625,10.9891,2.6758
2026-06-16 10:20:00,25.3692,2306.8167,94.0767,31.9783,86.0525,42.0,14.8183,34.18,17.3963,4.0469
2026-06-16 10:40:00,37.7619,2167.4602,94.0212,37.5027,89.9363,60.8333,19.8628,32.6115,18.676,4.4052
,,,,,,,,,,
2026-06-16 11:40:00,11.9229,1510.9725,94.1881,28.345,92.3523,122.0,9.8248,37.1734,10.5747,2.6275
2026-06-16 12:00:00,36.9492,2769.375,93.9233,35.1167,92.0233,142.0,16.6917,32.7575,23.0338,5.3295
2026-06-16 12:20:00,19.7767,1748.3083,93.6608,28.5667,91.8742,162.0,10.8817,36.2158,11.6734,2.8303
2026-06-16 12:40:00,22.9868,2075.3516,94.3802,33.2923,91.8022,177.1667,15.2956,34.8022,16.4809,3.9451
,,,,,,,,,,
2026-06-17 08:00:00,8.89,1588.5,59.78,32.89,41.34,4.8333,16.3433,35.93,10.6753,2.469
2026-06-17 08:20:00,11.565,1593.6667,90.2408,31.925,64.865,24.8333,14.2358,37.7792,10.9033,2.6249
2026-06-17 08:40:00,39.6483,2630.6667,94.0633,33.7192,82.6833,44.8333,16.0758,36.0908,20.3958,4.6887
2026-06-17 09:00:00,18.93,2191.75,94.125,33.97,87.175,48.1667,16.63,35.995,16.036,3.7335
,,,,,,,,,,
2026-06-17 09:40:00,39.0339,2664.3305,86.7305,36.2237,76.2619,19.5,18.2932,36.0263,23.0225,5.3592
2026-06-17 10:00:00,31.8967,2333.075,94.2583,32.3992,86.805,39.5,14.5175,37.5858,18.5193,4.3276
2026-06-17 10:20:00,32.884,2336.3457,94.3988,32.3691,89.879,53.0,15.2346,35.9123,17.0554,3.9311
,,,,,,,,,,
2026-06-17 11:00:00,8.4667,1085.3333,56.7667,54.4333,64.7,0.3333,30.5,37.7,11.99,2.88
2026-06-17 11:20:00,15.1067,1884.275,86.5733,34.5133,75.8883,20.3333,17.0392,36.305,13.7013,3.2102
2026-06-17 11:40:00,74.419,2299.2857,94.0381,40.2905,84.1524,23.8333,21.8095,35.1476,20.2862,4.8586
,,,,,,,,,,
2026-06-17 12:20:00,16.3964,2010.2727,93.7582,31.7618,91.2782,80.3333,14.8818,35.9709,13.2504,3.0551
2026-06-17 12:40:00,5.6962,1138.2692,93.6231,31.5231,91.4231,84.6667,14.0,36.8692,7.4562,1.7685
,,,,,,,,,,
2026-06-18 06:40:00,33.0667,2790.75,73.8306,35.2042,47.8736,11.8333,17.7528,33.6444,23.3181,5.4001
2026-06-18 07:00:00,20.6483,2092.3,92.8725,34.6283,72.7592,31.8333,17.1308,33.7283,16.5528,3.8561
2026-06-18 07:20:00,29.0142,2463.4167,93.5892,33.9167,85.5217,51.8333,16.4167,33.6067,19.1054,4.4258
2026-06-18 07:40:00,29.2758,2410.925,93.8033,33.91,89.7383,71.8333,16.5733,33.79,18.5765,4.3264
2026-06-18 08:00:00,26.5667,2234.9917,93.8508,32.1825,90.9967,91.8333,14.0558,35.4575,17.6303,4.2053
2026-06-18 08:20:00,28.109,2418.5672,93.7627,33.0582,91.4537,103.0,16.1075,33.8597,17.971,4.1428
,,,,,,,,,,
2026-06-18 10:00:00,23.6441,2309.4915,71.6424,32.9441,57.4102,9.6667,15.2864,34.7407,17.5076,4.0663
2026-06-18 10:20:00,18.6483,2142.8583,92.3858,33.2917,76.0292,29.6667,15.8625,34.1925,15.0178,3.4903
2026-06-18 10:40:00,34.9825,2254.825,93.3808,33.6175,86.7042,49.6667,16.84,33.4383,16.6525,3.8965
2026-06-18 11:00:00,63.7098,3057.0,93.6863,47.7176,89.998,58.1667,30.8882,33.4627,42.8345,10.0945
,,,,,,,,,,
2026-06-18 11:20:00,37.687,2918.4783,94.0087,37.2478,92.2348,89.6667,17.6391,33.1696,24.6535,5.7426
2026-06-18 11:40:00,30.8067,2316.425,94.0117,33.7633,92.2167,109.6667,14.0875,34.9217,17.5786,4.1462
2026-06-18 12:00:00,35.9367,2440.3917,94.0533,33.1542,91.9808,129.6667,14.9125,34.4283,18.9937,4.4763
2026-06-18 12:20:00,35.8581,2564.1628,93.9977,30.9372,91.6372,136.8333,14.5674,33.6372,17.5295,4.0009
,,,,,,,,,,
2026-06-19 07:20:00,33.3611,2666.0185,68.0407,36.8833,42.9704,8.8333,19.0611,31.6296,21.9096,5.038
2026-06-19 07:40:00,13.0025,1442.7333,92.15,26.0892,68.4158,28.8333,7.7775,36.9425,9.3153,2.3704
2026-06-19 08:00:00,30.495,2369.6667,93.9158,32.9808,83.6092,48.8333,14.9433,32.8467,18.4623,4.3254
2026-06-19 08:20:00,24.3223,2264.9821,94.0652,33.0804,88.8563,67.5,14.917,32.9321,17.8949,4.228
,,,,,,,,,,
2026-06-19 10:00:00,20.2,1918.1429,48.85,42.2286,48.1714,2.1667,23.5714,31.9214,16.5793,3.9093
2026-06-19 10:20:00,39.52,2665.2,86.4158,35.6833,66.74,22.1667,17.3092,31.62,22.1253,5.1942
2026-06-19 10:40:00,21.295,1725.2917,93.4408,28.4658,83.3875,42.1667,9.9808,36.0,12.1961,3.0033
2026-06-19 11:00:00,45.6942,2298.825,93.7942,33.6792,88.9608,62.1667,16.2283,31.4817,17.9243,4.1561
2026-06-19 11:20:00,24.7633,1957.4694,93.8092,34.2449,90.9827,78.5,15.5847,33.1398,16.3929,3.9013
,,,,,,,,,,
2026-06-19 12:00:00,16.7717,1908.1415,86.8972,34.7623,80.2104,17.5,17.4868,32.0236,14.9542,3.4927
2026-06-19 12:20:00,21.8813,1548.4479,94.2094,31.0594,87.1469,33.5,12.5125,35.5427,11.3382,2.8545
,,,,,,,,,,
2026-06-19 13:20:00,12.6761,1604.2566,93.6159,28.1699,91.6115,97.5,9.785,35.9947,10.5958,2.6419
2026-06-19 13:40:00,17.3267,1720.4667,94.0675,31.0658,91.8033,117.5,11.9508,35.8217,13.4539,3.3082
2026-06-19 14:00:00,35.0531,2508.0123,93.7346,34.3049,91.9074,131.0,16.842,31.7296,19.5615,4.5436
,,,,,,,,,,
2026-06-20 07:40:00,29.6472,2518.0833,62.025,39.6361,41.25,5.8333,21.0111,34.1611,22.9039,5.3697
2026-06-20 08:00:00,35.4292,2610.4583,90.8092,35.095,65.9325,25.8333,17.3567,34.0883,21.4627,4.9692
2026-06-20 08:20:00,39.5225,2566.55,93.93,35.4092,82.8392,45.8333,18.1167,34.1217,21.3399,4.9666
2026-06-20 08:40:00,28.9967,2137.2083,94.02,30.6208,88.6217,65.8333,12.6067,36.5658,15.4162,3.6503
2026-06-20 09:00:00,18.2142,2004.9583,93.9058,32.9183,90.5758,85.8333,15.2033,35.91,15.184,3.5985
2026-06-20 09:20:00,20.4325,2293.8667,94.0667,32.9858,91.4967,105.8333,16.3208,34.1883,16.6212,3.8223
2026-06-20 09:40:00,21.59,2316.9333,94.08,34.6867,91.6867,110.8333,16.28,34.15,16.8307,3.905
,,,,,,,,,,
2026-06-20 10:00:00,28.5517,2541.35,83.6533,35.8617,78.565,9.8333,18.305,34.1533,21.349,4.9457
2026-06-20 10:20:00,40.4208,2641.875,93.3442,33.1883,86.0642,29.8333,16.2517,34.0042,20.7375,4.7896
2026-06-20 10:40:00,48.0986,2056.2958,93.9155,36.6873,89.5197,41.6667,18.3085,34.8268,17.1987,4.1654
,,,,,,,,,,
2026-06-20 11:20:00,25.69,2542.0667,93.8933,34.2667,90.98,89.8333,16.8567,34.2767,18.7827,4.3403
2026-06-20 11:40:00,39.7142,2447.9833,94.1475,34.4317,91.6892,109.8333,15.9267,35.3842,20.7994,4.8932
2026-06-20 12:00:00,22.3167,2094.3917,94.0367,35.8417,91.9675,129.8333,16.9825,35.2217,17.9753,4.2528
2026-06-20 12:20:00,58.095,2765.3167,94.0883,33.6558,92.1158,149.8333,15.6467,33.7092,21.2904,4.9115
2026-06-20 12:40:00,9.438,1498.8,94.011,30.223,91.73,166.5,11.975,37.576,10.0216,2.4596
,,,,,,,,,,
2026-06-21 06:00:00,7.1833,1296.6429,75.3345,32.3,48.7345,13.8333,14.95,33.7536,9.3813,2.2731
2026-06-21 06:20:00,27.5758,1962.825,93.665,31.0275,74.2392,33.8333,12.7242,34.555,15.207,3.6402
2026-06-21 06:40:00,23.3983,1857.15,93.8308,33.8817,86.0192,53.8333,16.6117,32.3217,14.5882,3.4183
2026-06-21 07:00:00,37.755,2491.725,93.7192,35.2925,90.0167,73.8333,17.0942,31.8675,20.8469,4.8502
2026-06-21 07:20:00,23.2108,2060.8333,93.815,32.0783,91.1667,93.8333,13.8,33.6383,15.6884,3.7285
2026-06-21 07:40:00,3.65,858.4167,93.7,33.1583,91.4833,95.8333,15.5083,31.5333,6.4717,1.5533
,,,,,,,,,,
2026-06-21 09:00:00,21.537,1989.6296,70.1333,36.3444,57.1685,8.8333,17.8537,32.9926,17.0778,4.0306
2026-06-21 09:20:00,40.2942,2538.0333,92.1608,36.66,75.4942,28.8333,19.3867,31.9125,22.5549,5.2268
2026-06-21 09:40:00,109.3333,3405.0,94.1,37.5333,83.6,29.3333,24.7,29.7333,34.47,7.8767
,,,,,,,,,,
2026-06-21 10:00:00,5.025,909.5,93.3,36.65,90.925,68.8333,16.2,32.725,7.21,1.73
2026-06-21 10:20:00,22.995,2110.95,93.5525,30.8108,91.3883,88.8333,12.9125,34.1992,16.3539,3.9291
2026-06-21 10:40:00,44.6258,2623.3167,93.4633,34.935,91.4633,108.8333,16.8967,31.8767,21.4638,4.9823
2026-06-21 11:00:00,48.8074,2610.8421,93.3726,33.9263,91.5684,124.6667,15.9979,31.4863,19.7011,4.5611
,,,,,,,,,,
2026-06-22 08:20:00,36.2963,2401.3611,80.1407,36.0167,54.3574,17.8333,17.9611,34.6722,19.4413,4.5213
2026-06-22 08:40:00,29.4108,1837.2917,93.5983,29.6058,78.1775,37.8333,11.2625,38.0775,12.7239,3.0976
2026-06-22 09:00:00,34.83,2357.65,93.9292,34.4075,87.185,57.8333,17.0383,34.705,18.2967,4.2872
2026-06-22 09:20:00,75.4318,2020.5909,94.0,37.1773,89.7273,61.5,19.4955,33.9318,17.1441,4.1155
,,,,,,,,,,
2026-06-22 09:20:00,0.0,722.0541,93.9811,21.0784,90.2,77.8333,1.8,43.0622,2.2614,0.9168
2026-06-22 09:40:00,34.205,2290.5917,94.18,32.765,90.8358,97.8333,15.3417,35.6975,17.7789,4.1856
2026-06-22 10:00:00,5.535,1117.65,94.2633,25.4217,91.3108,117.8333,6.74,41.2508,6.2158,1.689
2026-06-22 10:20:00,21.5508,2136.3083,94.1408,33.5492,91.5767,137.8333,16.1542,35.1633,16.0615,3.6943
2026-06-22 10:40:00,34.235,2475.775,94.1108,33.9533,91.73,157.8333,16.4067,34.715,18.5647,4.2862
2026-06-22 11:00:00,18.7892,1991.1167,94.1983,31.5808,91.43,177.8333,13.8258,36.6925,14.3497,3.3783
2026-06-22 11:20:00,23.1908,2262.8083,94.15,33.585,91.875,197.8333,16.6267,34.8392,16.9411,3.9128
2026-06-22 11:40:00,19.8693,2084.505,94.3663,32.0337,92.1109,214.6667,14.4277,36.4554,15.0338,3.5447
,,,,,,,,,,
2026-06-23 08:00:00,23.2158,2301.975,82.4583,35.0433,57.9142,19.8333,17.1367,37.8825,17.8712,4.1518
2026-06-23 08:20:00,34.7317,2868.325,94.0733,33.8375,80.6825,39.8333,16.5758,37.7408,23.6028,5.4519
2026-06-23 08:40:00,28.2375,2485.975,94.3108,34.1417,88.3242,59.8333,16.6208,38.0325,18.8503,4.3667
2026-06-23 09:00:00,30.9675,2634.9917,94.31,33.015,90.61,79.8333,15.8275,38.1367,20.1294,4.6348
2026-06-23 09:20:00,50.2394,2403.0909,94.4667,41.3591,91.4879,90.8333,22.0742,37.7924,21.7874,5.1673
,,,,,,,,,,
2026-06-23 09:40:00,32.5917,2218.9583,94.4792,43.1125,92.8125,119.8333,24.5333,38.2167,22.2517,5.3412
2026-06-23 10:00:00,45.7175,2536.175,94.5983,34.4233,92.4475,139.8333,16.285,37.8233,20.2837,4.7504
2026-06-23 10:20:00,49.0967,2530.75,94.5367,34.5792,92.0925,159.8333,16.7683,37.8517,19.6973,4.5691
2026-06-23 10:40:00,29.8267,2476.8833,94.3833,32.8692,92.05,179.8333,15.5192,38.6242,19.1247,4.483
2026-06-23 11:00:00,22.7742,2285.0167,94.1642,33.4,92.0817,199.8333,16.1442,38.0042,17.161,3.9748
2026-06-23 11:20:00,11.0242,1546.7167,94.5033,30.7633,91.9358,219.8333,12.81,41.1025,10.6108,2.5783
2026-06-23 11:40:00,32.5083,2418.1833,94.6175,35.0317,91.8667,239.8333,17.5842,38.095,19.6353,4.5993
2026-06-23 12:00:00,28.7183,2498.0833,94.4267,34.6225,91.5958,259.8333,16.2367,38.6642,19.749,4.6265
2026-06-23 12:20:00,24.2624,2331.8416,94.4634,33.3624,91.599,276.6667,15.3713,37.9554,17.2429,4.0042
,,,,,,,,,,
2026-06-24 08:20:00,16.1476,1812.8214,76.881,31.9881,51.175,13.8333,13.8048,38.0167,13.7067,3.2938
2026-06-24 08:40:00,27.25,2257.7417,93.6533,33.3292,75.47,33.8333,15.6933,36.4692,17.9173,4.2378
2026-06-24 09:00:00,43.5817,2721.8583,93.8633,35.3808,86.5558,53.8333,17.8275,34.5192,22.9356,5.3615
2026-06-24 09:20:00,29.425,2446.7,93.8692,33.7708,89.8508,73.8333,15.88,35.6417,18.456,4.268
2026-06-24 09:40:00,30.0842,2222.6083,94.2283,32.37,91.2558,93.8333,14.6158,36.9667,18.0843,4.3011
2026-06-24 10:00:00,18.175,1822.7708,94.3854,33.0479,91.5729,101.8333,16.45,35.1958,13.8013,3.2631
,,,,,,,,,,
2026-06-24 12:00:00,15.8357,1966.5952,65.1333,36.931,51.5786,6.8333,19.869,35.35,14.6386,3.3545
2026-06-24 12:20:00,32.0042,2515.4833,91.4,34.125,71.8517,26.8333,16.4375,34.9692,19.7048,4.5555
2026-06-24 12:40:00,39.3208,2436.1333,93.9475,35.2858,85.335,46.8333,17.5167,35.1275,19.992,4.6577
2026-06-24 13:00:00,45.4016,2042.7031,94.0906,38.5922,89.2484,57.5,20.8219,34.8109,17.7725,4.2516
,,,,,,,,,,
2026-06-24 14:20:00,0.0,733.5333,94.04,20.4867,91.7,146.8333,1.6933,44.1067,2.34,0.8753
2026-06-24 14:40:00,20.4142,1906.4833,94.245,32.5158,91.925,166.8333,14.8458,36.525,14.3884,3.4169
2026-06-24 15:00:00,10.9192,1614.3014,94.3877,31.8973,92.011,179.0,13.7507,37.2137,11.0375,2.6401
,,,,,,,,,,
2026-06-25 07:20:00,19.4487,1994.9487,76.5205,34.1128,51.4526,12.8333,16.7038,38.441,16.1144,3.8226
2026-06-25 07:40:00,2.9542,973.3,94.1008,24.2733,74.2458,32.8333,5.5517,44.0292,4.5831,1.3462
2026-06-25 08:00:00,20.7308,2134.3833,94.67,32.8325,85.6708,52.8333,14.8133,39.1667,16.571,3.8983
2026-06-25 08:20:00,33.3925,2075.725,94.7508,32.4858,89.2942,72.8333,13.415,39.6117,17.0648,4.1058
2026-06-25 08:40:00,35.7467,2506.1333,94.335,33.1583,90.95,92.8333,16.1217,36.9633,19.2322,4.4322
2026-06-25 09:00:00,6.1,1309.0,93.9,9.8,91.4,93.0,0.5,39.3,2.2,0.53
,,,,,,,,,,
2026-06-25 11:00:00,15.918,1851.8876,78.7618,31.3573,59.9461,14.6667,13.7258,40.5506,14.288,3.4362
2026-06-25 11:20:00,22.82,1975.5167,94.41,33.035,79.0342,34.6667,15.1975,39.1608,14.8689,3.5664
2026-06-25 11:40:00,71.2706,2363.3824,94.5382,37.5618,86.1353,40.3333,19.4706,36.3706,19.5294,4.6724
,,,,,,,,,,
2026-06-25 12:00:00,19.8667,2302.0,93.9333,34.2,90.6333,74.6667,18.7,37.3667,16.2967,3.77
2026-06-25 12:20:00,9.0525,1450.5833,94.1117,29.0383,90.94,94.6667,10.9958,40.2242,9.1557,2.2612
2026-06-25 12:40:00,14.8275,1830.5083,94.6008,31.6108,91.435,114.6667,13.7025,39.0375,12.5783,2.9987
2026-06-25 13:00:00,25.2517,2372.8833,94.6492,33.8992,91.9,134.6667,16.4983,37.47,18.0512,4.2227
2026-06-25 13:20:00,1.6568,808.1136,94.5977,27.8955,91.8227,142.0,9.7045,42.0545,4.6573,1.3048
,,,,,,,,,,
2026-06-26 07:20:00,12.9667,1854.1364,72.0561,35.6242,46.2924,10.8333,18.0121,33.6212,14.4086,3.4026
2026-06-26 07:40:00,39.7958,2500.9667,92.7708,34.2317,71.485,30.8333,16.0225,33.8642,19.6712,4.602
2026-06-26 08:00:00,44.9417,2607.8583,93.44,34.425,85.3042,50.8333,16.8667,32.9383,20.7366,4.7778
2026-06-26 08:20:00,20.9242,2283.5667,93.6667,33.7867,89.8617,70.8333,16.4133,33.7292,16.5317,3.8199
2026-06-26 08:40:00,21.56,2211.4,93.555,33.015,91.0308,90.8333,15.8533,33.3467,15.9173,3.6888
2026-06-26 09:00:00,14.5361,1919.4907,93.7741,35.4509,91.7583,108.8333,17.4037,33.9009,14.2608,3.346
,,,,,,,,,,
2026-06-26 10:00:00,19.8231,1903.6923,80.709,33.3667,70.7859,12.8333,14.6333,35.6513,15.4667,3.7458
2026-06-26 10:20:00,39.1983,2649.3333,93.5567,34.1142,82.8917,32.8333,16.5608,33.1283,20.905,4.8135
2026-06-26 10:40:00,36.3475,2664.3417,93.6183,33.5417,89.1408,52.8333,16.1708,33.225,21.1182,4.8782
2026-06-26 11:00:00,40.1708,2095.8229,93.649,36.0313,90.8417,68.8333,18.3969,33.8281,17.7615,4.2389
,,,,,,,,,,
2026-06-26 12:00:00,27.7604,2426.1321,93.9755,33.2057,91.5094,132.8333,15.2453,33.2038,18.2979,4.2151
2026-06-26 12:20:00,31.4925,2612.5333,93.8275,33.4767,91.5933,152.8333,16.5983,33.3225,20.2835,4.6768
2026-06-26 12:40:00,39.5117,2547.7333,93.6967,35.7742,91.6633,172.8333,17.8833,33.2325,21.3302,4.97
2026-06-26 13:00:00,21.0937,2009.873,93.354,31.1048,91.7159,183.3333,14.0698,33.5397,13.0479,2.9944
,,,,,,,,,,
2026-06-27 06:40:00,10.3833,1477.5,38.5,42.45,31.45,0.8333,22.1167,32.4167,11.705,2.7433
2026-06-27 07:00:00,23.8583,2381.2833,82.9758,33.35,55.68,20.8333,16.3708,31.4858,17.8407,4.1042
2026-06-27 07:20:00,30.9808,2297.25,93.4367,34.3458,79.56,40.8333,16.5942,31.1425,18.1616,4.2338
2026-06-27 07:40:00,18.7475,2083.8667,93.6658,33.9483,87.6625,60.8333,16.5067,31.8175,15.8941,3.7088
2026-06-27 08:00:00,52.0483,2874.525,93.7817,36.6108,90.6575,80.8333,17.505,30.98,24.94,5.8148
2026-06-27 08:20:00,29.4371,2085.4021,93.3515,31.8753,91.2227,97.0,15.3144,32.0928,15.2561,3.5201
,,,,,,,,,,
2026-06-27 09:40:00,19.6495,2181.2737,79.9211,33.4347,66.8074,15.6667,16.3,31.7295,15.2023,3.4822
2026-06-27 10:00:00,14.8958,1900.5667,93.0992,32.2142,82.3642,35.6667,14.4792,33.5642,13.4145,3.1763
2026-06-27 10:20:00,34.9068,1959.8729,93.9831,40.2771,88.9085,55.3333,21.1246,31.5076,17.2376,4.0781
,,,,,,,,,,
2026-06-27 11:00:00,53.672,2768.8,94.096,35.978,92.392,95.6667,16.25,31.172,22.6882,5.292
2026-06-27 11:20:00,38.185,2772.4,93.4033,32.995,92.0958,115.6667,15.8508,31.5308,21.9827,5.0765
2026-06-27 11:40:00,25.1107,2247.1429,93.3631,32.6071,91.9012,129.6667,15.4595,32.0536,16.9639,3.9551
,,,,,,,,,,
2026-06-28 06:20:00,22.4417,2261.1667,45.5333,49.9917,34.2833,1.8333,29.5833,32.625,26.6292,6.2925
2026-06-28 06:40:00,31.2867,2590.1833,85.6333,31.9658,58.745,21.8333,14.7283,33.585,20.1423,4.6898
2026-06-28 07:00:00,14.5567,1376.1917,93.675,28.1042,80.7433,41.8333,8.7833,38.2417,9.8302,2.5306
2026-06-28 07:20:00,37.635,2431.575,93.7375,33.6425,88.2625,61.8333,15.3308,33.8767,19.6452,4.6028
2026-06-28 07:40:00,16.5158,1884.9333,93.75,34.1617,90.9642,81.8333,16.6133,32.8583,13.5075,3.161
2026-06-28 08:00:00,11.1077,1885.1538,93.6,30.2,91.5077,84.0,14.0538,33.1462,11.8092,2.6777
,,,,,,,,,,
2026-06-28 10:00:00,24.2138,2323.8621,57.3759,36.0966,46.9103,4.6667,18.4517,32.2483,17.5003,4.0521
2026-06-28 10:20:00,10.7925,1395.9583,90.0967,28.2817,67.9133,24.6667,9.575,37.8642,9.6598,2.4632
2026-06-28 10:40:00,50.8705,2181.1475,93.8951,37.0246,81.4213,34.8333,18.6082,32.3361,17.8652,4.2238
,,,,,,,,,,
2026-06-28 11:40:00,14.9459,1863.6557,94.1344,30.8836,91.3639,104.6667,12.6361,35.8492,12.818,3.0875
2026-06-28 12:00:00,29.82,2534.6,93.78,34.6775,91.3433,124.6667,17.1433,32.765,19.8143,4.5833
2026-06-28 12:20:00,37.6717,2070.0652,93.7,30.7543,91.4435,132.3333,14.5457,32.2739,14.8624,3.3959
,,,,,,,,,,
2026-06-29 06:00:00,44.4988,2497.7024,76.8048,37.0393,50.6714,13.8333,18.8238,34.3429,22.0117,5.1573
2026-06-29 06:20:00,30.5642,2255.5,93.2942,32.5533,74.8858,33.8333,15.4242,34.6258,16.1218,3.7223
2026-06-29 06:40:00,43.6967,2811.2417,93.7692,35.9567,86.5308,53.8333,18.045,34.6717,24.3145,5.6645
2026-06-29 07:00:00,24.72,1835.3583,94.2192,31.61,89.855,73.8333,13.585,36.3883,13.7176,3.2908
2026-06-29 07:20:00,27.1742,2275.475,94.1142,32.7325,91.0925,93.8333,15.1467,34.8342,16.4413,3.8203
2026-06-29 07:40:00,12.8571,1892.7143,93.8857,38.3286,91.5,95.0,19.2857,35.4286,14.2229,3.3471
,,,,,,,,,,
2026-06-29 08:40:00,14.7432,1433.3895,82.1863,31.2874,68.8263,15.6667,12.2579,39.0084,11.6953,2.9617
2026-06-29 09:00:00,35.8833,2493.85,93.9183,34.6317,83.1617,35.6667,16.8517,34.4683,19.8915,4.6419
2026-06-29 09:20:00,45.5333,2108.0,93.9292,38.3583,88.2708,43.6667,20.8042,34.1542,18.0398,4.2915
,,,,,,,,,,
2026-06-29 10:20:00,23.6038,2042.8077,93.6913,34.4288,91.5981,115.6667,16.5154,34.7077,16.4503,3.8428
2026-06-29 10:40:00,28.9271,2325.2286,93.7914,30.7557,91.6043,127.3333,14.1814,35.03,15.3827,3.5316
,,,,,,,,,,
2026-06-30 07:20:00,37.9088,2691.7647,79.0431,36.351,53.2696,16.8333,18.4559,33.6216,22.4543,5.258
2026-06-30 07:40:00,27.9217,2492.75,93.355,33.92,77.6425,36.8333,16.5408,33.7342,19.0406,4.4109
2026-06-30 08:00:00,36.925,2474.3,93.8767,33.7033,87.3417,56.8333,15.8075,34.5625,19.893,4.6423
2026-06-30 08:20:00,25.3167,2133.675,93.9017,35.09,89.8808,76.8333,17.6817,33.9575,17.2866,4.0472
2026-06-30 08:40:00,21.7458,1852.975,94.0258,29.5292,90.8108,96.8333,11.3183,37.2367,13.6628,3.3142
2026-06-30 09:00:00,25.7193,2387.605,93.8849,32.4782,91.2891,116.6667,15.805,33.9168,17.8497,4.1185
,,,,,,,,,,
2026-06-30 10:00:00,29.1407,2357.8571,82.9978,35.911,73.0044,15.0,17.9462,34.4967,19.0358,4.4546
2026-06-30 10:20:00,39.1417,2801.775,93.6083,34.6383,84.17,35.0,16.4183,33.7725,22.9779,5.2942
2026-06-30 10:40:00,52.0417,2420.4688,93.9063,38.9656,89.0865,51.0,22.9104,34.0333,25.7872,6.0595
,,,,,,,,,,
2026-06-30 12:20:00,11.1774,1493.4623,94.1708,28.983,92.0349,155.0,10.4962,38.0566,10.3908,2.6144
2026-06-30 12:40:00,17.8053,2044.5263,94.4368,31.9895,92.2737,158.1667,14.2842,34.7211,14.0742,3.2863
,,,,,,,,,,
2026-07-01 06:20:00,26.019,2358.9048,63.0071,36.7952,40.2024,6.8333,17.8714,31.5643,18.7848,4.3926
2026-07-01 06:40:00,26.2492,2008.6083,91.2575,31.4192,66.1133,26.8333,12.1217,34.59,16.2605,3.937
2026-07-01 07:00:00,22.2333,2196.8667,93.7308,32.6175,83.1975,46.8333,15.6408,31.5908,15.6722,3.6241
2026-07-01 07:20:00,41.2075,2609.1333,93.6458,34.9175,88.9042,66.8333,17.6933,31.1667,21.6548,5.0563
2026-07-01 07:40:00,15.7612,1980.3882,93.4906,32.6918,90.3671,81.0,15.7576,31.5988,13.6353,3.1488
,,,,,,,,,,
2026-07-01 08:20:00,21.9765,2364.0,63.9706,40.1235,66.0588,2.6667,22.2882,31.4471,20.6882,4.8224
2026-07-01 08:40:00,17.7408,1914.775,89.0308,30.9192,77.1475,22.6667,13.5825,33.2917,13.6483,3.2409
2026-07-01 09:00:00,40.7318,1842.3636,93.6273,36.8091,85.4295,30.0,18.8045,31.9864,15.1682,3.6557
,,,,,,,,,,
2026-07-01 10:00:00,20.6416,2052.3258,93.9112,31.9876,91.4427,102.6667,13.3326,34.2921,16.169,3.9
2026-07-01 10:20:00,23.1587,2336.5652,93.7348,31.5283,91.737,110.3333,14.7435,31.4457,16.4961,3.7878
,,,,,,,,,,
2026-07-02 06:00:00,19.1094,2003.8229,78.5885,33.8198,52.2875,15.8333,16.0896,35.8792,15.6345,3.6959
2026-07-02 06:20:00,13.355,1697.1333,93.5708,30.33,76.92,35.8333,12.5242,36.6117,11.2878,2.7148
2026-07-02 06:40:00,40.58,2535.3583,94.075,35.4775,86.9158,55.8333,17.2008,35.075,23.0381,5.4155
2026-07-02 07:00:00,30.5092,2454.4583,93.7608,32.665,90.0108,75.8333,15.8708,34.3008,17.6611,4.0297
2026-07-02 07:20:00,15.4333,1880.3333,93.7,45.0333,90.8,76.3333,24.8,34.8,17.34,4.1633
,,,,,,,,,,
2026-07-02 08:20:00,42.4787,2686.4533,78.036,37.196,65.7747,12.3333,18.1707,34.1453,23.5043,5.5173
2026-07-02 08:40:00,30.7108,2341.5833,93.3783,32.7325,80.9083,32.3333,14.8508,34.5533,18.2458,4.2525
2026-07-02 09:00:00,44.3128,2017.4615,94.3103,38.9923,87.1026,38.8333,19.6641,35.2205,17.6595,4.2697
,,,,,,,,,,
2026-07-02 09:20:00,11.9333,1693.7222,94.0222,36.1111,90.7278,72.3333,18.4833,34.9,12.6633,2.9661
2026-07-02 09:40:00,23.5758,2360.6167,94.0183,34.8283,91.3575,92.3333,17.0992,34.3442,18.5109,4.302
2026-07-02 10:00:00,39.9167,2483.0641,94.0321,33.9603,91.6423,105.3333,16.4423,33.8218,19.8467,4.5688
,,,,,,,,,,
2026-07-03 06:20:00,30.7442,2558.7417,81.8708,34.3583,57.11,19.8333,16.8192,36.7508,20.2715,4.716
2026-07-03 06:40:00,10.5583,1548.9083,93.93,29.71,79.7667,39.8333,11.6367,40.1233,10.2875,2.5175
2026-07-03 07:00:00,36.4036,2083.2455,94.2982,36.2055,88.1655,58.1667,18.48,36.8064,16.6705,3.9512
,,,,,,,,,,
2026-07-03 07:40:00,2.9,1030.0,94.8,30.86,91.0,99.8333,10.56,44.03,7.49,2.064
2026-07-03 08:00:00,35.8817,2732.15,94.37,36.1325,91.2433,119.8333,17.48,36.6717,23.5273,5.481
2026-07-03 08:20:00,20.9608,1713.8917,94.5808,29.9892,91.6417,139.8333,10.7233,40.5833,12.7628,3.1333
2026-07-03 08:40:00,41.6892,2592.75,94.2033,32.9158,92.1558,159.8333,15.5183,36.705,19.5886,4.5186
2026-07-03 09:00:00,47.205,2866.125,93.5967,35.155,92.3,179.8333,16.5017,36.3425,24.0808,5.5971
2026-07-03 09:20:00,20.6933,2013.6333,93.9658,31.9633,91.8125,199.8333,14.995,36.86,13.5881,3.12
2026-07-03 09:40:00,23.0176,1949.3361,94.3084,31.9933,91.8227,219.6667,14.0185,39.3269,15.912,3.8324
