timestamp,rpm
2026-05-05 06:00:00,2592.3182
,
2026-05-05 06:00:00,2742.0204
2026-05-05 06:20:00,1682.2583
2026-05-05 06:40:00,2618.7167
2026-05-05 07:00:00,2386.1111
,
2026-05-05 07:20:00,1812.6667
2026-05-05 07:40:00,1970.3083
2026-05-05 08:00:00,2091.125
2026-05-05 08:20:00,2253.3
2026-05-05 08:40:00,2127.1667
2026-05-05 09:00:00,2591.5917
2026-05-05 09:20:00,2466.1389
,
2026-05-06 07:00:00,2763.3333
2026-05-06 07:20:00,2229.45
2026-05-06 07:40:00,2715.1583
2026-05-06 08:00:00,2093.1167
2026-05-06 08:20:00,2723.3
2026-05-06 08:40:00,2479.075
2026-05-06 09:00:00,2023.5165
,
2026-05-06 10:00:00,2493.3714
2026-05-06 10:20:00,2103.25
2026-05-06 10:40:00,2171.7417
2026-05-06 11:00:00,2154.6739
,
2026-05-06 11:20:00,1632.6111
,
2026-05-06 12:00:00,2388.299
2026-05-06 12:20:00,1606.575
2026-05-06 12:40:00,2620.6333
2026-05-06 13:00:00,2200.2778
,
2026-05-07 06:00:00,2208.2692
2026-05-07 06:20:00,2387.0333
2026-05-07 06:40:00,1796.425
2026-05-07 07:00:00,1713.9333
2026-05-07 07:20:00,2252.3417
2026-05-07 07:40:00,2380.9839
,
2026-05-07 10:00:00,2379.9643
2026-05-07 10:20:00,2083.1083
2026-05-07 10:40:00,1832.525
2026-05-07 11:00:00,2359.2444
,
2026-05-07 12:00:00,1714.6462
2026-05-07 12:20:00,2696.7833
2026-05-07 12:40:00,2225.7833
2026-05-07 13:00:00,2038.95
,
2026-05-08 06:40:00,2261.0
2026-05-08 07:00:00,2057.8833
2026-05-08 07:20:00,1742.1
2026-05-08 07:40:00,2420.6667
2026-05-08 08:00:00,769.75
,
2026-05-08 09:40:00,2572.5182
2026-05-08 10:00:00,1191.7167
2026-05-08 10:20:00,2224.8583
2026-05-08 10:40:00,1720.2222
,
2026-05-08 12:20:00,2426.4762
2026-05-08 12:40:00,1708.8167
2026-05-08 13:00:00,2068.7143
,
2026-05-08 13:40:00,2008.7561
2026-05-08 14:00:00,1732.35
,
2026-05-09 07:20:00,2212.2333
2026-05-09 07:40:00,2322.7083
2026-05-09 08:00:00,2396.6583
2026-05-09 08:20:00,1669.0
,
2026-05-09 09:40:00,2412.1412
2026-05-09 10:00:00,1978.5167
2026-05-09 10:20:00,2363.0083
2026-05-09 10:40:00,2369.9583
2026-05-09 11:00:00,2388.9474
,
2026-05-09 11:20:00,1829.6
2026-05-09 11:40:00,2069.3083
2026-05-09 12:00:00,2199.2545
,
2026-05-09 12:40:00,1924.8667
2026-05-09 13:00:00,2441.825
2026-05-09 13:20:00,2110.4194
,
2026-05-10 07:20:00,1643.2222
2026-05-10 07:40:00,2453.7333
2026-05-10 08:00:00,2616.4167
2026-05-10 08:20:00,2344.6667
2026-05-10 08:40:00,2597.9833
2026-05-10 09:00:00,1579.4667
2026-05-10 09:20:00,1607.8
,
2026-05-10 11:00:00,1965.5479
2026-05-10 11:20:00,1163.45
2026-05-10 11:40:00,1736.9
2026-05-10 12:00:00,2346.7468
,
2026-05-10 12:20:00,727.9
2026-05-10 12:40:00,2666.2647
,
2026-05-10 13:00:00,2327.0811
2026-05-10 13:20:00,2531.9833
2026-05-10 13:40:00,2611.0357
,
2026-05-11 06:20:00,2936.8889
2026-05-11 06:40:00,2763.9333
2026-05-11 07:00:00,2116.875
2026-05-11 07:20:00,2012.4667
2026-05-11 07:40:00,2038.1
2026-05-11 08:00:00,1867.1917
2026-05-11 08:20:00,2050.987
,
2026-05-11 10:40:00,2377.871
2026-05-11 11:00:00,1410.225
2026-05-11 11:20:00,2789.6083
2026-05-11 11:40:00,2309.2308
,
2026-05-11 12:20:00,2447.4684
2026-05-11 12:40:00,2276.0583
2026-05-11 13:00:00,1745.05
2026-05-11 13:20:00,2034.9692
,
2026-05-12 07:40:00,2622.25
2026-05-12 08:00:00,2607.075
2026-05-12 08:20:00,2593.0833
2026-05-12 08:40:00,1926.9167
,
2026-05-12 10:20:00,2350.0882
2026-05-12 10:40:00,2684.3583
2026-05-12 11:00:00,1913.5833
2026-05-12 11:20:00,2650.6866
,
2026-05-12 12:40:00,2323.6629
2026-05-12 13:00:00,2248.7429
,
2026-05-12 14:00:00,2438.7534
2026-05-12 14:20:00,2236.2455
,
2026-05-13 07:40:00,2310.1667
2026-05-13 08:00:00,2556.175
2026-05-13 08:20:00,2599.3833
2026-05-13 08:40:00,1792.3667
2026-05-13 09:00:00,2250.125
2026-05-13 09:20:00,2898.2667
2026-05-13 09:40:00,1819.7846
,
2026-05-13 12:00:00,2052.7368
2026-05-13 12:20:00,2543.8417
2026-05-13 12:40:00,2639.6583
2026-05-13 13:00:00,2229.8837
,
2026-05-13 13:00:00,2504.9231
2026-05-13 13:20:00,2085.0
,
2026-05-13 13:40:00,1142.4333
2026-05-13 14:00:00,2600.5667
2026-05-13 14:20:00,1960.9739
,
2026-05-14 08:00:00,2512.0556
2026-05-14 08:20:00,2225.9083
2026-05-14 08:40:00,1151.2923
,
2026-05-14 09:20:00,1874.8378
2026-05-14 09:40:00,1987.6833
2026-05-14 10:00:00,2547.7833
2026-05-14 10:20:00,2150.8936
,
2026-05-14 11:00:00,2228.8605
2026-05-14 11:20:00,2031.1833
,
2026-05-14 12:20:00,1539.0612
2026-05-14 12:40:00,1526.9412
,
2026-05-15 06:40:00,2804.6429
2026-05-15 07:00:00,2205.0083
2026-05-15 07:20:00,2101.3571
,
2026-05-15 08:00:00,1088.5
2026-05-15 08:20:00,2880.7
2026-05-15 08:40:00,2673.025
2026-05-15 09:00:00,2659.1899
,
2026-05-15 10:00:00,1840.4857
2026-05-15 10:20:00,2472.8667
2026-05-15 10:40:00,2676.425
2026-05-15 11:00:00,2266.0
,
2026-05-15 11:40:00,1486.2838
2026-05-15 12:00:00,2192.5083
2026-05-15 12:20:00,2371.9744
,
2026-05-16 08:00:00,2385.8796
2026-05-16 08:20:00,2058.3167
2026-05-16 08:40:00,2437.7667
2026-05-16 09:00:00,2446.875
2026-05-16 09:20:00,1942.5238
,
2026-05-16 11:20:00,1882.5802
2026-05-16 11:40:00,1968.2
2026-05-16 12:00:00,1924.0484
,
2026-05-16 12:40:00,2467.6506
2026-05-16 13:00:00,1871.1583
2026-05-16 13:20:00,2034.2885
,
2026-05-17 07:20:00,1572.6667
2026-05-17 07:40:00,1982.8333
2026-05-17 08:00:00,2602.85
2026-05-17 08:20:00,2218.35
2026-05-17 08:40:00,2175.0917
,
2026-05-17 09:40:00,2637.3333
2026-05-17 10:00:00,1719.975
2026-05-17 10:20:00,1983.7414
,
2026-05-17 11:20:00,883.75
2026-05-17 11:40:00,2563.3667
2026-05-17 12:00:00,2283.3036
,
2026-05-18 08:20:00,2036.6167
2026-05-18 08:40:00,2321.025
2026-05-18 09:00:00,2646.3083
2026-05-18 09:20:00,2076.037
,
2026-05-18 10:00:00,2553.7164
2026-05-18 10:20:00,2416.425
2026-05-18 10:40:00,2122.2833
2026-05-18 11:00:00,2621.9083
2026-05-18 11:20:00,2566.0833
2026-05-18 11:40:00,2022.5583
2026-05-18 12:00:00,2315.3684
,
2026-05-19 07:00:00,2606.5
2026-05-19 07:20:00,1923.1333
2026-05-19 07:40:00,2779.725
2026-05-19 08:00:00,2335.8417
2026-05-19 08:20:00,1608.0
,
2026-05-19 09:00:00,2341.7451
2026-05-19 09:20:00,2517.3417
2026-05-19 09:40:00,1985.6833
2026-05-19 10:00:00,2682.35
2026-05-19 10:20:00,2031.0083
2026-05-19 10:40:00,2778.3
2026-05-19 11:00:00,2184.3243
,
2026-05-20 07:20:00,2531.8889
2026-05-20 07:40:00,1460.5417
2026-05-20 08:00:00,2060.7
2026-05-20 08:20:00,2467.75
2026-05-20 08:40:00,2191.7083
2026-05-20 09:00:00,2346.4167
2026-05-20 09:20:00,1828.2459
,
2026-05-20 11:40:00,2496.6364
2026-05-20 12:00:00,2135.6167
2026-05-20 12:20:00,1544.9
2026-05-20 12:40:00,2212.6979
,
2026-05-20 13:40:00,1842.3415
2026-05-20 14:00:00,2156.9167
2026-05-20 14:20:00,2590.925
2026-05-20 14:40:00,2003.2358
,
2026-05-21 06:00:00,2465.0513
2026-05-21 06:20:00,2049.4083
2026-05-21 06:40:00,2582.9417
2026-05-21 07:00:00,1754.6049
,
2026-05-21 08:20:00,2219.0215
2026-05-21 08:40:00,2739.4083
2026-05-21 09:00:00,2202.2083
2026-05-21 09:20:00,738.2
,
2026-05-21 10:40:00,861.5
2026-05-21 11:00:00,2375.6583
2026-05-21 11:20:00,2474.4417
2026-05-21 11:40:00,2493.283
,
2026-05-21 12:20:00,2483.4722
2026-05-21 12:40:00,2573.1167
2026-05-21 13:00:00,2566.0769
,
2026-05-22 07:40:00,2487.3636
2026-05-22 08:00:00,1821.2667
2026-05-22 08:20:00,2403.575
2026-05-22 08:40:00,2718.1917
2026-05-22 09:00:00,2075.525
2026-05-22 09:20:00,2750.8583
2026-05-22 09:40:00,2187.5915
,
2026-05-22 11:20:00,2495.3739
2026-05-22 11:40:00,2303.1167
2026-05-22 12:00:00,2036.8
,
2026-05-22 12:40:00,2445.8125
2026-05-22 13:00:00,2474.1167
2026-05-22 13:20:00,2386.0583
2026-05-22 13:40:00,2268.3438
,
2026-05-23 07:00:00,1882.0
2026-05-23 07:20:00,2682.8333
2026-05-23 07:40:00,1938.65
2026-05-23 08:00:00,1764.0917
2026-05-23 08:20:00,2610.2417
2026-05-23 08:40:00,1007.5
,
2026-05-23 10:00:00,2036.3482
2026-05-23 10:20:00,1552.5167
2026-05-23 10:40:00,1734.5
,
2026-05-23 11:00:00,1719.7586
2026-05-23 11:20:00,1484.775
2026-05-23 11:40:00,2300.025
2026-05-23 12:00:00,690.0
,
2026-05-24 06:00:00,2233.8333
2026-05-24 06:20:00,2750.75
2026-05-24 06:40:00,2783.0667
2026-05-24 07:00:00,2192.15
2026-05-24 07:20:00,2131.6667
,
2026-05-24 09:40:00,2323.8833
2026-05-24 10:00:00,2740.1417
2026-05-24 10:20:00,2041.6909
,
2026-05-24 11:40:00,2280.1316
2026-05-24 12:00:00,2335.4444
,
2026-05-24 12:20:00,2201.5294
,
2026-05-24 13:20:00,2102.2078
2026-05-24 13:40:00,2307.3204
,
2026-05-25 06:20:00,2607.3519
2026-05-25 06:40:00,2737.6583
2026-05-25 07:00:00,2455.6
2026-05-25 07:20:00,1988.3667
2026-05-25 07:40:00,1752.7115
,
2026-05-25 10:00:00,2520.6727
2026-05-25 10:20:00,2323.8833
2026-05-25 10:40:00,1858.2
,
2026-05-26 08:20:00,2304.9744
2026-05-26 08:40:00,1036.875
2026-05-26 09:00:00,2315.0083
2026-05-26 09:20:00,1975.4
,
2026-05-26 09:40:00,3038.2308
2026-05-26 10:00:00,2706.9917
2026-05-26 10:20:00,1545.4
2026-05-26 10:40:00,2086.6417
2026-05-26 11:00:00,2128.675
2026-05-26 11:20:00,2458.5167
2026-05-26 11:40:00,2470.9417
2026-05-26 12:00:00,2415.6636
,
2026-05-27 06:40:00,2144.9643
2026-05-27 07:00:00,2406.7583
2026-05-27 07:20:00,2861.7333
2026-05-27 07:40:00,2574.7667
2026-05-27 08:00:00,2459.5
2026-05-27 08:20:00,1924.5417
,
2026-05-27 10:00:00,1764.1071
2026-05-27 10:20:00,2512.3
2026-05-27 10:40:00,2073.0417
2026-05-27 11:00:00,2241.3455
,
2026-05-27 11:20:00,2525.5333
2026-05-27 11:40:00,2513.9083
2026-05-27 12:00:00,2481.85
2026-05-27 12:20:00,1738.0
,
2026-05-28 06:20:00,2360.5
2026-05-28 06:40:00,2069.5
2026-05-28 07:00:00,2167.5294
,
2026-05-28 09:20:00,1542.5909
2026-05-28 09:40:00,2349.3917
2026-05-28 10:00:00,2241.2535
,
2026-05-28 11:00:00,1785.1579
2026-05-28 11:20:00,2224.4667
2026-05-28 11:40:00,2028.9175
,
2026-05-28 13:00:00,934.0
,
2026-05-29 06:00:00,1703.3889
2026-05-29 06:20:00,2288.7583
2026-05-29 06:40:00,1947.5917
2026-05-29 07:00:00,719.1667
,
2026-05-29 07:20:00,2286.2143
2026-05-29 07:40:00,1357.75
2026-05-29 08:00:00,1666.5636
,
2026-05-29 10:00:00,1325.9375
2026-05-29 10:20:00,1508.7417
2026-05-29 10:40:00,2363.3929
,
2026-05-29 11:20:00,2077.0112
2026-05-29 11:40:00,1493.3083
2026-05-29 12:00:00,2556.1184
,
2026-05-30 06:40:00,2519.8444
2026-05-30 07:00:00,2304.6833
2026-05-30 07:20:00,2762.6667
2026-05-30 07:40:00,2566.5333
2026-05-30 08:00:00,2427.2667
2026-05-30 08:20:00,1019.6098
,
2026-05-30 10:00:00,2647.367
2026-05-30 10:20:00,2424.8333
2026-05-30 10:40:00,2159.2778
,
2026-05-30 11:20:00,2871.5641
2026-05-30 11:40:00,2580.5417
2026-05-30 12:00:00,2369.6
2026-05-30 12:20:00,2251.7833
2026-05-30 12:40:00,2074.4151
,
2026-05-31 08:00:00,1926.8667
2026-05-31 08:20:00,2058.5917
2026-05-31 08:40:00,1954.1167
2026-05-31 09:00:00,2184.6917
2026-05-31 09:20:00,2626.25
2026-05-31 09:40:00,2503.3833
2026-05-31 10:00:00,1535.0167
,
2026-05-31 11:00:00,2439.4333
2026-05-31 11:20:00,2770.075
2026-05-31 11:40:00,2502.325
2026-05-31 12:00:00,1992.0
,
2026-05-31 12:40:00,2517.6053
2026-05-31 13:00:00,2072.8
2026-05-31 13:20:00,2327.3083
2026-05-31 13:40:00,1178.4857
,
2026-06-01 07:20:00,1760.5833
2026-06-01 07:40:00,1921.1083
2026-06-01 08:00:00,2119.425
2026-06-01 08:20:00,2548.1333
2026-06-01 08:40:00,2484.0083
2026-06-01 09:00:00,2331.0575
,
2026-06-01 10:40:00,1732.0606
2026-06-01 11:00:00,1630.5833
2026-06-01 11:20:00,2252.625
,
2026-06-01 11:20:00,1414.2394
,
2026-06-01 12:00:00,1792.7683
2026-06-01 12:20:00,1448.4083
2026-06-01 12:40:00,2665.975
2026-06-01 13:00:00,2529.8333
2026-06-01 13:20:00,2596.1319
,
2026-06-02 06:00:00,2388.9848
2026-06-02 06:20:00,2490.4667
2026-06-02 06:40:00,2335.6
2026-06-02 07:00:00,2839.9
2026-06-02 07:20:00,2562.575
2026-06-02 07:40:00,2279.729
,
2026-06-02 09:00:00,2027.4384
2026-06-02 09:20:00,2595.4917
2026-06-02 09:40:00,2531.875
2026-06-02 10:00:00,1794.9009
,
2026-06-02 10:40:00,1831.1743
2026-06-02 11:00:00,2533.6167
2026-06-02 11:20:00,2205.5
2026-06-02 11:40:00,2306.3636
,
2026-06-03 06:00:00,2231.4386
2026-06-03 06:20:00,2523.55
2026-06-03 06:40:00,2674.35
2026-06-03 07:00:00,974.1765
,
2026-06-03 08:00:00,2148.5405
2026-06-03 08:20:00,2476.0167
2026-06-03 08:40:00,2874.7667
2026-06-03 09:00:00,2097.3659
,
2026-06-03 10:20:00,2167.7541
2026-06-03 10:40:00,2427.9083
2026-06-03 11:00:00,2067.95
2026-06-03 11:20:00,1395.4231
,
2026-06-03 12:20:00,2715.5192
2026-06-03 12:40:00,2180.98
,
2026-06-04 07:40:00,2109.6667
2026-06-04 08:00:00,1782.4083
2026-06-04 08:20:00,2070.275
2026-06-04 08:40:00,2172.0917
2026-06-04 09:00:00,1901.6667
2026-06-04 09:20:00,1225.3178
,
2026-06-04 10:00:00,1088.0918
2026-06-04 10:20:00,2776.7667
2026-06-04 10:40:00,2452.925
2026-06-04 11:00:00,2123.225
2026-06-04 11:20:00,1940.0
,
2026-06-05 06:20:00,2726.5789
2026-06-05 06:40:00,2515.5667
2026-06-05 07:00:00,2855.9667
2026-06-05 07:20:00,2348.7417
2026-06-05 07:40:00,2142.069
,
2026-06-05 10:00:00,1228.6667
2026-06-05 10:20:00,2632.675
2026-06-05 10:40:00,2200.225
2026-06-05 11:00:00,2293.087
,
2026-06-05 11:00:00,731.7714
2026-06-05 11:20:00,2139.973
,
2026-06-05 12:20:00,1950.0
,
2026-06-06 08:00:00,2318.1111
2026-06-06 08:20:00,2485.0583
2026-06-06 08:40:00,1872.2083
2026-06-06 09:00:00,2496.8083
2026-06-06 09:20:00,2433.9417
2026-06-06 09:40:00,2477.7385
,
2026-06-06 11:20:00,2589.3115
2026-06-06 11:40:00,1847.2417
2026-06-06 12:00:00,2147.2982
,
2026-06-06 13:00:00,2117.5294
2026-06-06 13:20:00,2509.7333
2026-06-06 13:40:00,1971.15
2026-06-06 14:00:00,2466.0667
2026-06-06 14:20:00,1325.0882
,
2026-06-07 07:20:00,2190.3646
2026-06-07 07:40:00,1674.65
2026-06-07 08:00:00,2886.2917
2026-06-07 08:20:00,1177.0787
,
2026-06-07 10:20:00,2331.6957
2026-06-07 10:40:00,1656.0187
,
2026-06-07 11:00:00,801.2059
2026-06-07 11:20:00,2594.325
2026-06-07 11:40:00,1389.55
2026-06-07 12:00:00,2383.1417
2026-06-07 12:20:00,1884.5909
,
2026-06-08 07:00:00,2129.0
2026-06-08 07:20:00,2382.8667
2026-06-08 07:40:00,2305.2333
2026-06-08 08:00:00,2919.3417
2026-06-08 08:20:00,2206.0583
2026-06-08 08:40:00,2669.675
2026-06-08 09:00:00,1955.5
,
2026-06-08 10:40:00,2124.5
2026-06-08 11:00:00,2166.9833
2026-06-08 11:20:00,2516.0917
2026-06-08 11:40:00,2467.3857
,
2026-06-08 12:40:00,2373.7582
2026-06-08 13:00:00,1906.3443
,
2026-06-09 06:00:00,2161.1667
2026-06-09 06:20:00,2363.9833
2026-06-09 06:40:00,2629.9
2026-06-09 07:00:00,2190.9083
2026-06-09 07:20:00,2270.8333
2026-06-09 07:40:00,1883.9194
,
2026-06-09 09:40:00,2407.5
2026-06-09 10:00:00,2459.0833
2026-06-09 10:20:00,2502.5161
,
2026-06-09 10:40:00,713.2
2026-06-09 11:00:00,2204.7667
2026-06-09 11:20:00,2403.4417
2026-06-09 11:40:00,1786.7164
,
2026-06-10 07:00:00,1921.5238
2026-06-10 07:20:00,2060.3583
2026-06-10 07:40:00,1946.6917
2026-06-10 08:00:00,2519.4083
2026-06-10 08:20:00,2064.1833
2026-06-10 08:40:00,2169.7963
,
2026-06-10 09:20:00,1175.7303
2026-06-10 09:40:00,1981.5083
2026-06-10 10:00:00,1592.8333
2026-06-10 10:20:00,2761.0583
2026-06-10 10:40:00,2507.5333
,
2026-06-11 08:00:00,2018.2692
2026-06-11 08:20:00,2431.7
2026-06-11 08:40:00,1733.9167
2026-06-11 09:00:00,2625.2333
2026-06-11 09:20:00,2723.525
2026-06-11 09:40:00,782.4
,
2026-06-11 10:40:00,2235.5625
2026-06-11 11:00:00,2167.0333
2026-06-11 11:20:00,2199.9889
,
2026-06-11 12:40:00,2059.7196
2026-06-11 13:00:00,1343.2333
2026-06-11 13:20:00,1881.8667
2026-06-11 13:40:00,801.5
,
2026-06-12 06:40:00,1513.5
2026-06-12 07:00:00,2498.125
2026-06-12 07:20:00,2485.2333
2026-06-12 07:40:00,2750.4833
2026-06-12 08:00:00,2452.05
2026-06-12 08:20:00,2281.3261
,
2026-06-12 09:00:00,2607.025
2026-06-12 09:20:00,1955.35
2026-06-12 09:40:00,1954.0583
2026-06-12 10:00:00,2570.8333
2026-06-12 10:20:00,2485.5667
2026-06-12 10:40:00,2501.8667
2026-06-12 11:00:00,2242.7071
,
2026-06-13 07:40:00,1831.1667
2026-06-13 08:00:00,2454.1333
2026-06-13 08:20:00,1266.5
2026-06-13 08:40:00,2367.4706
,
2026-06-13 10:00:00,2376.4
2026-06-13 10:20:00,1821.2333
2026-06-13 10:40:00,2451.6417
2026-06-13 11:00:00,1705.1429
,
2026-06-13 11:20:00,2393.1017
2026-06-13 11:40:00,1763.05
2026-06-13 12:00:00,1902.3929
,
2026-06-13 12:40:00,2270.5794
2026-06-13 13:00:00,1833.3083
2026-06-13 13:20:00,2168.2333
2026-06-13 13:40:00,1463.7222
,
2026-06-14 06:20:00,1752.0
2026-06-14 06:40:00,2221.05
2026-06-14 07:00:00,2605.4911
,
2026-06-14 09:00:00,2546.8776
2026-06-14 09:20:00,1652.2
2026-06-14 09:40:00,1907.0545
,
2026-06-14 10:20:00,2745.617
2026-06-14 10:40:00,2418.925
2026-06-14 11:00:00,3249.9583
,
2026-06-14 11:40:00,2243.4655
2026-06-14 12:00:00,2635.675
2026-06-14 12:20:00,2252.9365
,
2026-06-15 06:40:00,2163.75
2026-06-15 07:00:00,2370.7417
2026-06-15 07:20:00,1931.567
,
2026-06-15 08:40:00,2743.3559
2026-06-15 09:00:00,2415.4583
2026-06-15 09:20:00,2583.1
2026-06-15 09:40:00,1907.7778
,
2026-06-15 11:00:00,2382.3583
2026-06-15 11:20:00,2676.6
2026-06-15 11:40:00,2241.7634
,
2026-06-15 12:40:00,2640.5385
2026-06-15 13:00:00,2167.1343
,
2026-06-16 07:20:00,2042.7083
2026-06-16 07:40:00,2165.0417
2026-06-16 08:00:00,1768.3083
2026-06-16 08:20:00,2345.6833
2026-06-16 08:40:00,2734.55
2026-06-16 09:00:00,2295.6809
,
2026-06-16 09:40:00,1856.1538
2026-06-16 10:00:00,1754.3667
2026-06-16 10:20:00,2306.8167
2026-06-16 10:40:00,2167.4602
,
2026-06-16 11:40:00,1510.9725
2026-06-16 12:00:00,2769.375
2026-06-16 12:20:00,1748.3083
2026-06-16 12:40:00,2075.3516
,
2026-06-17 08:00:00,1588.5
2026-06-17 08:20:00,1593.6667
2026-06-17 08:40:00,2630.6667
2026-06-17 09:00:00,2191.75
,
2026-06-17 09:40:00,2664.3305
2026-06-17 10:00:00,2333.075
2026-06-17 10:20:00,2336.3457
,
2026-06-17 11:00:00,1085.3333
2026-06-17 11:20:00,1884.275
2026-06-17 11:40:00,2299.2857
,
2026-06-17 12:20:00,2010.2727
2026-06-17 12:40:00,1138.2692
,
2026-06-18 06:40:00,2790.75
2026-06-18 07:00:00,2092.3
2026-06-18 07:20:00,2463.4167
2026-06-18 07:40:00,2410.925
2026-06-18 08:00:00,2234.9917
2026-06-18 08:20:00,2418.5672
,
2026-06-18 10:00:00,2309.4915
2026-06-18 10:20:00,2142.8583
2026-06-18 10:40:00,2254.825
2026-06-18 11:00:00,3057.0
,
2026-06-18 11:20:00,2918.4783
2026-06-18 11:40:00,2316.425
2026-06-18 12:00:00,2440.3917
2026-06-18 12:20:00,2564.1628
,
2026-06-19 07:20:00,2666.0185
2026-06-19 07:40:00,1442.7333
2026-06-19 08:00:00,2369.6667
2026-06-19 08:20:00,2264.9821
,
2026-06-19 10:00:00,1918.1429
2026-06-19 10:20:00,2665.2
2026-06-19 10:40:00,1725.2917
2026-06-19 11:00:00,2298.825
2026-06-19 11:20:00,1957.4694
,
2026-06-19 12:00:00,1908.1415
2026-06-19 12:20:00,1548.4479
,
2026-06-19 13:20:00,1604.2566
2026-06-19 13:40:00,1720.4667
2026-06-19 14:00:00,2508.0123
,
2026-06-20 07:40:00,2518.0833
2026-06-20 08:00:00,2610.4583
2026-06-20 08:20:00,2566.55
2026-06-20 08:40:00,2137.2083
2026-06-20 09:00:00,2004.9583
2026-06-20 09:20:00,2293.8667
2026-06-20 09:40:00,2316.9333
,
2026-06-20 10:00:00,2541.35
2026-06-20 10:20:00,2641.875
2026-06-20 10:40:00,2056.2958
,
2026-06-20 11:20:00,2542.0667
2026-06-20 11:40:00,2447.9833
2026-06-20 12:00:00,2094.3917
2026-06-20 12:20:00,2765.3167
2026-06-20 12:40:00,1498.8
,
2026-06-21 06:00:00,1296.6429
2026-06-21 06:20:00,1962.825
2026-06-21 06:40:00,1857.15
2026-06-21 07:00:00,2491.725
2026-06-21 07:20:00,2060.8333
2026-06-21 07:40:00,858.4167
,
2026-06-21 09:00:00,1989.6296
2026-06-21 09:20:00,2538.0333
2026-06-21 09:40:00,3405.0
,
2026-06-21 10:00:00,909.5
2026-06-21 10:20:00,2110.95
2026-06-21 10:40:00,2623.3167
2026-06-21 11:00:00,2610.8421
,
2026-06-22 08:20:00,2401.3611
2026-06-22 08:40:00,1837.2917
2026-06-22 09:00:00,2357.65
2026-06-22 09:20:00,2020.5909
,
2026-06-22 09:20:00,722.0541
2026-06-22 09:40:00,2290.5917
2026-06-22 10:00:00,1117.65
2026-06-22 10:20:00,2136.3083
2026-06-22 10:40:00,2475.775
2026-06-22 11:00:00,1991.1167
2026-06-22 11:20:00,2262.8083
2026-06-22 11:40:00,2084.505
,
2026-06-23 08:00:00,2301.975
2026-06-23 08:20:00,2868.325
2026-06-23 08:40:00,2485.975
2026-06-23 09:00:00,2634.9917
2026-06-23 09:20:00,2403.0909
,
2026-06-23 09:40:00,2218.9583
2026-06-23 10:00:00,2536.175
2026-06-23 10:20:00,2530.75
2026-06-23 10:40:00,2476.8833
2026-06-23 11:00:00,2285.0167
2026-06-23 11:20:00,1546.7167
2026-06-23 11:40:00,2418.1833
2026-06-23 12:00:00,2498.0833
2026-06-23 12:20:00,2331.8416
,
2026-06-24 08:20:00,1812.8214
2026-06-24 08:40:00,2257.7417
2026-06-24 09:00:00,2721.8583
2026-06-24 09:20:00,2446.7
2026-06-24 09:40:00,2222.6083
2026-06-24 10:00:00,1822.7708
,
2026-06-24 12:00:00,1966.5952
2026-06-24 12:20:00,2515.4833
2026-06-24 12:40:00,2436.1333
2026-06-24 13:00:00,2042.7031
,
2026-06-24 14:20:00,733.5333
2026-06-24 14:40:00,1906.4833
2026-06-24 15:00:00,1614.3014
,
2026-06-25 07:20:00,1994.9487
2026-06-25 07:40:00,973.3
2026-06-25 08:00:00,2134.3833
2026-06-25 08:20:00,2075.725
2026-06-25 08:40:00,2506.1333
2026-06-25 09:00:00,1309.0
,
2026-06-25 11:00:00,1851.8876
2026-06-25 11:20:00,1975.5167
2026-06-25 11:40:00,2363.3824
,
2026-06-25 12:00:00,2302.0
2026-06-25 12:20:00,1450.5833
2026-06-25 12:40:00,1830.5083
2026-06-25 13:00:00,2372.8833
2026-06-25 13:20:00,808.1136
,
2026-06-26 07:20:00,1854.1364
2026-06-26 07:40:00,2500.9667
2026-06-26 08:00:00,2607.8583
2026-06-26 08:20:00,2283.5667
2026-06-26 08:40:00,2211.4
2026-06-26 09:00:00,1919.4907
,
2026-06-26 10:00:00,1903.6923
2026-06-26 10:20:00,2649.3333
2026-06-26 10:40:00,2664.3417
2026-06-26 11:00:00,2095.8229
,
2026-06-26 12:00:00,2426.1321
2026-06-26 12:20:00,2612.5333
2026-06-26 12:40:00,2547.7333
2026-06-26 13:00:00,2009.873
,
2026-06-27 06:40:00,1477.5
2026-06-27 07:00:00,2381.2833
2026-06-27 07:20:00,2297.25
2026-06-27 07:40:00,2083.8667
2026-06-27 08:00:00,2874.525
2026-06-27 08:20:00,2085.4021
,
2026-06-27 09:40:00,2181.2737
2026-06-27 10:00:00,1900.5667
2026-06-27 10:20:00,1959.8729
,
2026-06-27 11:00:00,2768.8
2026-06-27 11:20:00,2772.4
2026-06-27 11:40:00,2247.1429
,
2026-06-28 06:20:00,2261.1667
2026-06-28 06:40:00,2590.1833
2026-06-28 07:00:00,1376.1917
2026-06-28 07:20:00,2431.575
2026-06-28 07:40:00,1884.9333
2026-06-28 08:00:00,1885.1538
,
2026-06-28 10:00:00,2323.8621
2026-06-28 10:20:00,1395.9583
2026-06-28 10:40:00,2181.1475
,
2026-06-28 11:40:00,1863.6557
2026-06-28 12:00:00,2534.6
2026-06-28 12:20:00,2070.0652
,
2026-06-29 06:00:00,2497.7024
2026-06-29 06:20:00,2255.5
2026-06-29 06:40:00,2811.2417
2026-06-29 07:00:00,1835.3583
2026-06-29 07:20:00,2275.475
2026-06-29 07:40:00,1892.7143
,
2026-06-29 08:40:00,1433.3895
2026-06-29 09:00:00,2493.85
2026-06-29 09:20:00,2108.0
,
2026-06-29 10:20:00,2042.8077
2026-06-29 10:40:00,2325.2286
,
2026-06-30 07:20:00,2691.7647
2026-06-30 07:40:00,2492.75
2026-06-30 08:00:00,2474.3
2026-06-30 08:20:00,2133.675
2026-06-30 08:40:00,1852.975
2026-06-30 09:00:00,2387.605
,
2026-06-30 10:00:00,2357.8571
2026-06-30 10:20:00,2801.775
2026-06-30 10:40:00,2420.4688
,
2026-06-30 12:20:00,1493.4623
2026-06-30 12:40:00,2044.5263
,
2026-07-01 06:20:00,2358.9048
2026-07-01 06:40:00,2008.6083
2026-07-01 07:00:00,2196.8667
2026-07-01 07:20:00,2609.1333
2026-07-01 07:40:00,1980.3882
,
2026-07-01 08:20:00,2364.0
2026-07-01 08:40:00,1914.775
2026-07-01 09:00:00,1842.3636
,
2026-07-01 10:00:00,2052.3258
2026-07-01 10:20:00,2336.5652
,
2026-07-02 06:00:00,2003.8229
2026-07-02 06:20:00,1697.1333
2026-07-02 06:40:00,2535.3583
2026-07-02 07:00:00,2454.4583
2026-07-02 07:20:00,1880.3333
,
2026-07-02 08:20:00,2686.4533
2026-07-02 08:40:00,2341.5833
2026-07-02 09:00:00,2017.4615
,
2026-07-02 09:20:00,1693.7222
2026-07-02 09:40:00,2360.6167
2026-07-02 10:00:00,2483.0641
,
2026-07-03 06:20:00,2558.7417
2026-07-03 06:40:00,1548.9083
2026-07-03 07:00:00,2083.2455
,
2026-07-03 07:40:00,1030.0
2026-07-03 08:00:00,2732.15
2026-07-03 08:20:00,1713.8917
2026-07-03 08:40:00,2592.75
2026-07-03 09:00:00,2866.125
2026-07-03 09:20:00,2013.6333
2026-07-03 09:40:00,1949.3361
