timestamp,throttle_pct
2026-05-05 06:00:00,22.4318
,
2026-05-05 06:00:00,15.8102
2026-05-05 06:20:00,10.41
2026-05-05 06:40:00,18.5908
2026-05-05 07:00:00,25.0667
,
2026-05-05 07:20:00,15.2375
2026-05-05 07:40:00,12.7633
2026-05-05 08:00:00,14.7092
2026-05-05 08:20:00,14.3525
2026-05-05 08:40:00,16.0483
2026-05-05 09:00:00,17.2883
2026-05-05 09:20:00,16.6556
,
2026-05-06 07:00:00,22.2542
2026-05-06 07:20:00,15.6725
2026-05-06 07:40:00,16.9517
2026-05-06 08:00:00,15.1658
2026-05-06 08:20:00,17.3883
2026-05-06 08:40:00,17.2217
2026-05-06 09:00:00,13.578
,
2026-05-06 10:00:00,21.88
2026-05-06 10:20:00,13.6733
2026-05-06 10:40:00,17.2058
2026-05-06 11:00:00,21.0457
,
2026-05-06 11:20:00,17.4972
,
2026-05-06 12:00:00,15.6196
2026-05-06 12:20:00,11.0042
2026-05-06 12:40:00,16.6975
2026-05-06 13:00:00,12.6528
,
2026-05-07 06:00:00,17.0641
2026-05-07 06:20:00,17.4275
2026-05-07 06:40:00,12.5617
2026-05-07 07:00:00,10.985
2026-05-07 07:20:00,17.0383
2026-05-07 07:40:00,15.1694
,
2026-05-07 10:00:00,21.0143
2026-05-07 10:20:00,14.6725
2026-05-07 10:40:00,16.6533
2026-05-07 11:00:00,18.8911
,
2026-05-07 12:00:00,16.1415
2026-05-07 12:20:00,16.63
2026-05-07 12:40:00,14.2517
2026-05-07 13:00:00,15.795
,
2026-05-08 06:40:00,19.3875
2026-05-08 07:00:00,14.345
2026-05-08 07:20:00,13.9442
2026-05-08 07:40:00,15.175
2026-05-08 08:00:00,19.1
,
2026-05-08 09:40:00,18.5855
2026-05-08 10:00:00,6.5642
2026-05-08 10:20:00,15.7392
2026-05-08 10:40:00,16.5768
,
2026-05-08 12:20:00,18.1841
2026-05-08 12:40:00,12.3575
2026-05-08 13:00:00,22.2286
,
2026-05-08 13:40:00,12.9
2026-05-08 14:00:00,13.7317
,
2026-05-09 07:20:00,14.5675
2026-05-09 07:40:00,17.2283
2026-05-09 08:00:00,17.0608
2026-05-09 08:20:00,14.8118
,
2026-05-09 09:40:00,18.7471
2026-05-09 10:00:00,12.5942
2026-05-09 10:20:00,17.6475
2026-05-09 10:40:00,15.0492
2026-05-09 11:00:00,13.0421
,
2026-05-09 11:20:00,16.4286
2026-05-09 11:40:00,16.6725
2026-05-09 12:00:00,20.9182
,
2026-05-09 12:40:00,13.42
2026-05-09 13:00:00,16.2125
2026-05-09 13:20:00,15.7516
,
2026-05-10 07:20:00,18.4389
2026-05-10 07:40:00,16.8825
2026-05-10 08:00:00,16.7917
2026-05-10 08:20:00,14.27
2026-05-10 08:40:00,17.3917
2026-05-10 09:00:00,12.2558
2026-05-10 09:20:00,15.1171
,
2026-05-10 11:00:00,15.7123
2026-05-10 11:20:00,4.6033
2026-05-10 11:40:00,13.9092
2026-05-10 12:00:00,20.2785
,
2026-05-10 12:20:00,15.025
2026-05-10 12:40:00,39.8324
,
2026-05-10 13:00:00,16.6955
2026-05-10 13:20:00,17.8217
2026-05-10 13:40:00,16.4411
,
2026-05-11 06:20:00,24.0361
2026-05-11 06:40:00,16.0892
2026-05-11 07:00:00,12.8992
2026-05-11 07:20:00,11.65
2026-05-11 07:40:00,15.25
2026-05-11 08:00:00,13.0475
2026-05-11 08:20:00,16.3779
,
2026-05-11 10:40:00,19.1774
2026-05-11 11:00:00,9.5758
2026-05-11 11:20:00,15.4492
2026-05-11 11:40:00,18.4692
,
2026-05-11 12:20:00,16.7506
2026-05-11 12:40:00,13.8592
2026-05-11 13:00:00,11.555
2026-05-11 13:20:00,14.1031
,
2026-05-12 07:40:00,17.0548
2026-05-12 08:00:00,16.5492
2026-05-12 08:20:00,16.2733
2026-05-12 08:40:00,14.875
,
2026-05-12 10:20:00,17.5529
2026-05-12 10:40:00,15.7858
2026-05-12 11:00:00,17.395
2026-05-12 11:20:00,15.0254
,
2026-05-12 12:40:00,17.227
2026-05-12 13:00:00,18.2114
,
2026-05-12 14:00:00,16.8288
2026-05-12 14:20:00,14.6555
,
2026-05-13 07:40:00,26.825
2026-05-13 08:00:00,15.7008
2026-05-13 08:20:00,16.9092
2026-05-13 08:40:00,12.3825
2026-05-13 09:00:00,15.1925
2026-05-13 09:20:00,16.0092
2026-05-13 09:40:00,14.2523
,
2026-05-13 12:00:00,21.9263
2026-05-13 12:20:00,16.1383
2026-05-13 12:40:00,17.3742
2026-05-13 13:00:00,20.2814
,
2026-05-13 13:00:00,23.5769
2026-05-13 13:20:00,21.3231
,
2026-05-13 13:40:00,9.2467
2026-05-13 14:00:00,17.6875
2026-05-13 14:20:00,13.073
,
2026-05-14 08:00:00,16.8681
2026-05-14 08:20:00,13.3067
2026-05-14 08:40:00,8.3046
,
2026-05-14 09:20:00,20.3784
2026-05-14 09:40:00,11.7017
2026-05-14 10:00:00,17.1833
2026-05-14 10:20:00,14.7713
,
2026-05-14 11:00:00,15.9674
2026-05-14 11:20:00,18.3167
,
2026-05-14 12:20:00,12.1398
2026-05-14 12:40:00,15.249
,
2026-05-15 06:40:00,17.9012
2026-05-15 07:00:00,16.0475
2026-05-15 07:20:00,16.3705
,
2026-05-15 08:00:00,38.9
2026-05-15 08:20:00,16.7917
2026-05-15 08:40:00,16.8958
2026-05-15 09:00:00,16.1051
,
2026-05-15 10:00:00,18.2943
2026-05-15 10:20:00,17.5817
2026-05-15 10:40:00,15.8867
2026-05-15 11:00:00,21.1016
,
2026-05-15 11:40:00,9.1784
2026-05-15 12:00:00,14.4508
2026-05-15 12:20:00,16.8321
,
2026-05-16 08:00:00,17.6981
2026-05-16 08:20:00,15.4475
2026-05-16 08:40:00,16.3183
2026-05-16 09:00:00,15.6617
2026-05-16 09:20:00,13.781
,
2026-05-16 11:20:00,14.2901
2026-05-16 11:40:00,12.4742
2026-05-16 12:00:00,19.6065
,
2026-05-16 12:40:00,15.853
2026-05-16 13:00:00,13.9875
2026-05-16 13:20:00,15.3962
,
2026-05-17 07:20:00,20.6083
2026-05-17 07:40:00,13.1525
2026-05-17 08:00:00,15.885
2026-05-17 08:20:00,16.7283
2026-05-17 08:40:00,14.9383
,
2026-05-17 09:40:00,23.4917
2026-05-17 10:00:00,10.6192
2026-05-17 10:20:00,16.3871
,
2026-05-17 11:20:00,8.7625
2026-05-17 11:40:00,17.1617
2026-05-17 12:00:00,15.8429
,
2026-05-18 08:20:00,16.9717
2026-05-18 08:40:00,15.5983
2026-05-18 09:00:00,17.7992
2026-05-18 09:20:00,18.2901
,
2026-05-18 10:00:00,17.0343
2026-05-18 10:20:00,16.2858
2026-05-18 10:40:00,14.8708
2026-05-18 11:00:00,17.6925
2026-05-18 11:20:00,15.2075
2026-05-18 11:40:00,15.6567
2026-05-18 12:00:00,15.8211
,
2026-05-19 07:00:00,17.0188
2026-05-19 07:20:00,15.9992
2026-05-19 07:40:00,18.1833
2026-05-19 08:00:00,16.9642
2026-05-19 08:20:00,18.75
,
2026-05-19 09:00:00,14.5382
2026-05-19 09:20:00,16.9442
2026-05-19 09:40:00,14.5442
2026-05-19 10:00:00,17.0267
2026-05-19 10:20:00,13.6183
2026-05-19 10:40:00,16.5625
2026-05-19 11:00:00,15.3324
,
2026-05-20 07:20:00,19.1352
2026-05-20 07:40:00,8.0183
2026-05-20 08:00:00,15.9125
2026-05-20 08:20:00,17.185
2026-05-20 08:40:00,14.0033
2026-05-20 09:00:00,15.385
2026-05-20 09:20:00,17.4639
,
2026-05-20 11:40:00,30.5545
2026-05-20 12:00:00,13.6625
2026-05-20 12:20:00,10.1942
2026-05-20 12:40:00,17.0927
,
2026-05-20 13:40:00,15.0122
2026-05-20 14:00:00,13.86
2026-05-20 14:20:00,15.195
2026-05-20 14:40:00,12.9679
,
2026-05-21 06:00:00,17.7603
2026-05-21 06:20:00,14.7167
2026-05-21 06:40:00,16.7208
2026-05-21 07:00:00,16.4086
,
2026-05-21 08:20:00,17.8226
2026-05-21 08:40:00,15.8867
2026-05-21 09:00:00,14.825
2026-05-21 09:20:00,5.32
,
2026-05-21 10:40:00,32.5
2026-05-21 11:00:00,18.1025
2026-05-21 11:20:00,15.9942
2026-05-21 11:40:00,19.5811
,
2026-05-21 12:20:00,14.7917
2026-05-21 12:40:00,16.1883
2026-05-21 13:00:00,16.7967
,
2026-05-22 07:40:00,19.3576
2026-05-22 08:00:00,13.0525
2026-05-22 08:20:00,16.375
2026-05-22 08:40:00,17.63
2026-05-22 09:00:00,14.3475
2026-05-22 09:20:00,17.8592
2026-05-22 09:40:00,15.7817
,
2026-05-22 11:20:00,16.4513
2026-05-22 11:40:00,16.265
2026-05-22 12:00:00,19.062
,
2026-05-22 12:40:00,14.6875
2026-05-22 13:00:00,16.9808
2026-05-22 13:20:00,16.4517
2026-05-22 13:40:00,15.8573
,
2026-05-23 07:00:00,29.05
2026-05-23 07:20:00,16.1408
2026-05-23 07:40:00,12.3858
2026-05-23 08:00:00,13.8158
2026-05-23 08:20:00,16.1842
2026-05-23 08:40:00,18.9
,
2026-05-23 10:00:00,13.4277
2026-05-23 10:20:00,12.885
2026-05-23 10:40:00,15.725
,
2026-05-23 11:00:00,16.5103
2026-05-23 11:20:00,13.535
2026-05-23 11:40:00,14.72
2026-05-23 12:00:00,10.3
,
2026-05-24 06:00:00,24.9917
2026-05-24 06:20:00,17.3025
2026-05-24 06:40:00,17.1225
2026-05-24 07:00:00,16.0417
2026-05-24 07:20:00,15.9646
,
2026-05-24 09:40:00,17.275
2026-05-24 10:00:00,16.5875
2026-05-24 10:20:00,15.6982
,
2026-05-24 11:40:00,20.5289
2026-05-24 12:00:00,21.1933
,
2026-05-24 12:20:00,20.1647
,
2026-05-24 13:20:00,17.4117
2026-05-24 13:40:00,16.1971
,
2026-05-25 06:20:00,18.3324
2026-05-25 06:40:00,14.7742
2026-05-25 07:00:00,16.1833
2026-05-25 07:20:00,16.4717
2026-05-25 07:40:00,14.1442
,
2026-05-25 10:00:00,18.1918
2026-05-25 10:20:00,17.515
2026-05-25 10:40:00,16.03
,
2026-05-26 08:20:00,18.2538
2026-05-26 08:40:00,5.2183
2026-05-26 09:00:00,18.0075
2026-05-26 09:20:00,15.86
,
2026-05-26 09:40:00,22.3769
2026-05-26 10:00:00,15.7692
2026-05-26 10:20:00,9.0758
2026-05-26 10:40:00,17.1033
2026-05-26 11:00:00,17.7267
2026-05-26 11:20:00,16.28
2026-05-26 11:40:00,15.9792
2026-05-26 12:00:00,15.7963
,
2026-05-27 06:40:00,17.2619
2026-05-27 07:00:00,16.7908
2026-05-27 07:20:00,16.875
2026-05-27 07:40:00,16.5025
2026-05-27 08:00:00,16.4567
2026-05-27 08:20:00,15.3792
,
2026-05-27 10:00:00,17.519
2026-05-27 10:20:00,16.6375
2026-05-27 10:40:00,16.6817
2026-05-27 11:00:00,20.0564
,
2026-05-27 11:20:00,16.2829
2026-05-27 11:40:00,16.7842
2026-05-27 12:00:00,16.5967
2026-05-27 12:20:00,24.8
,
2026-05-28 06:20:00,16.615
2026-05-28 06:40:00,16.3225
2026-05-28 07:00:00,17.2441
,
2026-05-28 09:20:00,10.9848
2026-05-28 09:40:00,16.5975
2026-05-28 10:00:00,14.7127
,
2026-05-28 11:00:00,20.3684
2026-05-28 11:20:00,15.1358
2026-05-28 11:40:00,19.7588
,
2026-05-28 13:00:00,14.8
,
2026-05-29 06:00:00,18.9194
2026-05-29 06:20:00,15.165
2026-05-29 06:40:00,12.4492
2026-05-29 07:00:00,4.8333
,
2026-05-29 07:20:00,17.7762
2026-05-29 07:40:00,9.4167
2026-05-29 08:00:00,13.4255
,
2026-05-29 10:00:00,11.6366
2026-05-29 10:20:00,12.9858
2026-05-29 10:40:00,22.0893
,
2026-05-29 11:20:00,13.4292
2026-05-29 11:40:00,11.2342
2026-05-29 12:00:00,16.5079
,
2026-05-30 06:40:00,18.0544
2026-05-30 07:00:00,16.28
2026-05-30 07:20:00,16.4825
2026-05-30 07:40:00,17.9042
2026-05-30 08:00:00,15.4875
2026-05-30 08:20:00,15.1341
,
2026-05-30 10:00:00,17.4385
2026-05-30 10:20:00,16.2192
2026-05-30 10:40:00,19.1667
,
2026-05-30 11:20:00,15.6359
2026-05-30 11:40:00,16.3483
2026-05-30 12:00:00,13.5617
2026-05-30 12:20:00,16.1967
2026-05-30 12:40:00,15.7302
,
2026-05-31 08:00:00,16.9433
2026-05-31 08:20:00,14.1867
2026-05-31 08:40:00,14.1975
2026-05-31 09:00:00,16.0267
2026-05-31 09:20:00,16.6725
2026-05-31 09:40:00,16.7792
2026-05-31 10:00:00,13.8083
,
2026-05-31 11:00:00,18.7178
2026-05-31 11:20:00,16.19
2026-05-31 11:40:00,17.835
2026-05-31 12:00:00,15.6
,
2026-05-31 12:40:00,16.475
2026-05-31 13:00:00,14.2492
2026-05-31 13:20:00,16.2592
2026-05-31 13:40:00,14.2086
,
2026-06-01 07:20:00,21.6833
2026-06-01 07:40:00,14.52
2026-06-01 08:00:00,13.7583
2026-06-01 08:20:00,16.0933
2026-06-01 08:40:00,16.57
2026-06-01 09:00:00,15.9621
,
2026-06-01 10:40:00,12.9919
2026-06-01 11:00:00,12.6633
2026-06-01 11:20:00,13.6875
,
2026-06-01 11:20:00,13.1254
,
2026-06-01 12:00:00,15.7963
2026-06-01 12:20:00,11.4883
2026-06-01 12:40:00,17.9525
2026-06-01 13:00:00,15.6717
2026-06-01 13:20:00,16.6286
,
2026-06-02 06:00:00,18.7076
2026-06-02 06:20:00,16.0267
2026-06-02 06:40:00,15.0333
2026-06-02 07:00:00,15.8592
2026-06-02 07:20:00,16.8108
2026-06-02 07:40:00,13.9019
,
2026-06-02 09:00:00,18.3849
2026-06-02 09:20:00,17.2667
2026-06-02 09:40:00,15.6225
2026-06-02 10:00:00,17.2072
,
2026-06-02 10:40:00,14.0826
2026-06-02 11:00:00,17.2025
2026-06-02 11:20:00,15.83
2026-06-02 11:40:00,14.9491
,
2026-06-03 06:00:00,15.4658
2026-06-03 06:20:00,16.6408
2026-06-03 06:40:00,16.1908
2026-06-03 07:00:00,14.9118
,
2026-06-03 08:00:00,23.2568
2026-06-03 08:20:00,15.7733
2026-06-03 08:40:00,16.825
2026-06-03 09:00:00,14.0756
,
2026-06-03 10:20:00,19.441
2026-06-03 10:40:00,16.46
2026-06-03 11:00:00,14.715
2026-06-03 11:20:00,12.7282
,
2026-06-03 12:20:00,17.6587
2026-06-03 12:40:00,15.818
,
2026-06-04 07:40:00,18.9458
2026-06-04 08:00:00,11.1675
2026-06-04 08:20:00,15.6733
2026-06-04 08:40:00,15.0083
2026-06-04 09:00:00,15.8892
2026-06-04 09:20:00,11.115
,
2026-06-04 10:00:00,7.5929
2026-06-04 10:20:00,16.6167
2026-06-04 10:40:00,16.2733
2026-06-04 11:00:00,16.0308
2026-06-04 11:20:00,23.8667
,
2026-06-05 06:20:00,18.3377
2026-06-05 06:40:00,16.7283
2026-06-05 07:00:00,16.5317
2026-06-05 07:20:00,14.9967
2026-06-05 07:40:00,16.0621
,
2026-06-05 10:00:00,26.3667
2026-06-05 10:20:00,17.6083
2026-06-05 10:40:00,17.15
2026-06-05 11:00:00,27.1
,
2026-06-05 11:00:00,1.9886
2026-06-05 11:20:00,23.8459
,
2026-06-05 12:20:00,21.1286
,
2026-06-06 08:00:00,18.5667
2026-06-06 08:20:00,16.4883
2026-06-06 08:40:00,15.96
2026-06-06 09:00:00,17.2
2026-06-06 09:20:00,16.8308
2026-06-06 09:40:00,15.5569
,
2026-06-06 11:20:00,18.4902
2026-06-06 11:40:00,14.66
2026-06-06 12:00:00,16.2526
,
2026-06-06 13:00:00,16.3647
2026-06-06 13:20:00,17.1558
2026-06-06 13:40:00,13.7433
2026-06-06 14:00:00,17.0483
2026-06-06 14:20:00,11.6265
,
2026-06-07 07:20:00,16.5063
2026-06-07 07:40:00,11.9842
2026-06-07 08:00:00,15.9158
2026-06-07 08:20:00,9.4056
,
2026-06-07 10:20:00,16.1643
2026-06-07 10:40:00,15.2121
,
2026-06-07 11:00:00,4.7735
2026-06-07 11:20:00,16.7075
2026-06-07 11:40:00,8.0975
2026-06-07 12:00:00,15.135
2026-06-07 12:20:00,15.9545
,
2026-06-08 07:00:00,21.2278
2026-06-08 07:20:00,16.42
2026-06-08 07:40:00,17.1033
2026-06-08 08:00:00,15.225
2026-06-08 08:20:00,14.6758
2026-06-08 08:40:00,17.2858
2026-06-08 09:00:00,13.4308
,
2026-06-08 10:40:00,25.92
2026-06-08 11:00:00,14.6842
2026-06-08 11:20:00,17.36
2026-06-08 11:40:00,23.5771
,
2026-06-08 12:40:00,16.8099
2026-06-08 13:00:00,16.5459
,
2026-06-09 06:00:00,21.2944
2026-06-09 06:20:00,17.9225
2026-06-09 06:40:00,15.0292
2026-06-09 07:00:00,17.0133
2026-06-09 07:20:00,14.5883
2026-06-09 07:40:00,15.7742
,
2026-06-09 09:40:00,19.525
2026-06-09 10:00:00,16.0958
2026-06-09 10:20:00,22.072
,
2026-06-09 10:40:00,2.1
2026-06-09 11:00:00,16.8892
2026-06-09 11:20:00,18.2867
2026-06-09 11:40:00,13.1104
,
2026-06-10 07:00:00,18.5929
2026-06-10 07:20:00,11.8208
2026-06-10 07:40:00,12.3975
2026-06-10 08:00:00,14.9558
2026-06-10 08:20:00,13.57
2026-06-10 08:40:00,20.9167
,
2026-06-10 09:20:00,6.9562
2026-06-10 09:40:00,15.2767
2026-06-10 10:00:00,11.0842
2026-06-10 10:20:00,17.1083
2026-06-10 10:40:00,15.7905
,
2026-06-11 08:00:00,18.5192
2026-06-11 08:20:00,13.4575
2026-06-11 08:40:00,15.3525
2026-06-11 09:00:00,16.9417
2026-06-11 09:20:00,15.41
2026-06-11 09:40:00,8.9
,
2026-06-11 10:40:00,24.1687
2026-06-11 11:00:00,15.35
2026-06-11 11:20:00,19.2311
,
2026-06-11 12:40:00,13.8037
2026-06-11 13:00:00,11.9233
2026-06-11 13:20:00,13.3375
2026-06-11 13:40:00,14.7
,
2026-06-12 06:40:00,25.4
2026-06-12 07:00:00,17.0608
2026-06-12 07:20:00,16.1317
2026-06-12 07:40:00,16.9592
2026-06-12 08:00:00,16.2867
2026-06-12 08:20:00,20.8848
,
2026-06-12 09:00:00,15.21
2026-06-12 09:20:00,14.1758
2026-06-12 09:40:00,16.005
2026-06-12 10:00:00,16.0817
2026-06-12 10:20:00,15.1767
2026-06-12 10:40:00,16.4858
2026-06-12 11:00:00,15.5162
,
2026-06-13 07:40:00,33.2167
2026-06-13 08:00:00,15.94
2026-06-13 08:20:00,8.5708
2026-06-13 08:40:00,16.0672
,
2026-06-13 10:00:00,18.4982
2026-06-13 10:20:00,10.8217
2026-06-13 10:40:00,15.73
2026-06-13 11:00:00,16.5429
,
2026-06-13 11:20:00,18.6407
2026-06-13 11:40:00,10.9992
2026-06-13 12:00:00,18.0869
,
2026-06-13 12:40:00,16.4336
2026-06-13 13:00:00,9.6158
2026-06-13 13:20:00,16.0342
2026-06-13 13:40:00,14.5889
,
2026-06-14 06:20:00,18.2133
2026-06-14 06:40:00,18.01
2026-06-14 07:00:00,15.0187
,
2026-06-14 09:00:00,16.7663
2026-06-14 09:20:00,11.22
2026-06-14 09:40:00,15.6673
,
2026-06-14 10:20:00,17.9319
2026-06-14 10:40:00,16.5767
2026-06-14 11:00:00,36.7042
,
2026-06-14 11:40:00,18.0741
2026-06-14 12:00:00,17.29
2026-06-14 12:20:00,15.1048
,
2026-06-15 06:40:00,17.4796
2026-06-15 07:00:00,15.8658
2026-06-15 07:20:00,15.3866
,
2026-06-15 08:40:00,20.3339
2026-06-15 09:00:00,15.8917
2026-06-15 09:20:00,16.3517
2026-06-15 09:40:00,13.5722
,
2026-06-15 11:00:00,18.3625
2026-06-15 11:20:00,15.9767
2026-06-15 11:40:00,18.1054
,
2026-06-15 12:40:00,16.9154
2026-06-15 13:00:00,16.7597
,
2026-06-16 07:20:00,15.4021
2026-06-16 07:40:00,12.8517
2026-06-16 08:00:00,13.4408
2026-06-16 08:20:00,17.2225
2026-06-16 08:40:00,16.2758
2026-06-16 09:00:00,14.3936
,
2026-06-16 09:40:00,24.8846
2026-06-16 10:00:00,10.2842
2026-06-16 10:20:00,14.8183
2026-06-16 10:40:00,19.8628
,
2026-06-16 11:40:00,9.8248
2026-06-16 12:00:00,16.6917
2026-06-16 12:20:00,10.8817
2026-06-16 12:40:00,15.2956
,
2026-06-17 08:00:00,16.3433
2026-06-17 08:20:00,14.2358
2026-06-17 08:40:00,16.0758
2026-06-17 09:00:00,16.63
,
2026-06-17 09:40:00,18.2932
2026-06-17 10:00:00,14.5175
2026-06-17 10:20:00,15.2346
,
2026-06-17 11:00:00,30.5
2026-06-17 11:20:00,17.0392
2026-06-17 11:40:00,21.8095
,
2026-06-17 12:20:00,14.8818
2026-06-17 12:40:00,14.0
,
2026-06-18 06:40:00,17.7528
2026-06-18 07:00:00,17.1308
2026-06-18 07:20:00,16.4167
2026-06-18 07:40:00,16.5733
2026-06-18 08:00:00,14.0558
2026-06-18 08:20:00,16.1075
,
2026-06-18 10:00:00,15.2864
2026-06-18 10:20:00,15.8625
2026-06-18 10:40:00,16.84
2026-06-18 11:00:00,30.8882
,
2026-06-18 11:20:00,17.6391
2026-06-18 11:40:00,14.0875
2026-06-18 12:00:00,14.9125
2026-06-18 12:20:00,14.5674
,
2026-06-19 07:20:00,19.0611
2026-06-19 07:40:00,7.7775
2026-06-19 08:00:00,14.9433
2026-06-19 08:20:00,14.917
,
2026-06-19 10:00:00,23.5714
2026-06-19 10:20:00,17.3092
2026-06-19 10:40:00,9.9808
2026-06-19 11:00:00,16.2283
2026-06-19 11:20:00,15.5847
,
2026-06-19 12:00:00,17.4868
2026-06-19 12:20:00,12.5125
,
2026-06-19 13:20:00,9.785
2026-06-19 13:40:00,11.9508
2026-06-19 14:00:00,16.842
,
2026-06-20 07:40:00,21.0111
2026-06-20 08:00:00,17.3567
2026-06-20 08:20:00,18.1167
2026-06-20 08:40:00,12.6067
2026-06-20 09:00:00,15.2033
2026-06-20 09:20:00,16.3208
2026-06-20 09:40:00,16.28
,
2026-06-20 10:00:00,18.305
2026-06-20 10:20:00,16.2517
2026-06-20 10:40:00,18.3085
,
2026-06-20 11:20:00,16.8567
2026-06-20 11:40:00,15.9267
2026-06-20 12:00:00,16.9825
2026-06-20 12:20:00,15.6467
2026-06-20 12:40:00,11.975
,
2026-06-21 06:00:00,14.95
2026-06-21 06:20:00,12.7242
2026-06-21 06:40:00,16.6117
2026-06-21 07:00:00,17.0942
2026-06-21 07:20:00,13.8
2026-06-21 07:40:00,15.5083
,
2026-06-21 09:00:00,17.8537
2026-06-21 09:20:00,19.3867
2026-06-21 09:40:00,24.7
,
2026-06-21 10:00:00,16.2
2026-06-21 10:20:00,12.9125
2026-06-21 10:40:00,16.8967
2026-06-21 11:00:00,15.9979
,
2026-06-22 08:20:00,17.9611
2026-06-22 08:40:00,11.2625
2026-06-22 09:00:00,17.0383
2026-06-22 09:20:00,19.4955
,
2026-06-22 09:20:00,1.8
2026-06-22 09:40:00,15.3417
2026-06-22 10:00:00,6.74
2026-06-22 10:20:00,16.1542
2026-06-22 10:40:00,16.4067
2026-06-22 11:00:00,13.8258
2026-06-22 11:20:00,16.6267
2026-06-22 11:40:00,14.4277
,
2026-06-23 08:00:00,17.1367
2026-06-23 08:20:00,16.5758
2026-06-23 08:40:00,16.6208
2026-06-23 09:00:00,15.8275
2026-06-23 09:20:00,22.0742
,
2026-06-23 09:40:00,24.5333
2026-06-23 10:00:00,16.285
2026-06-23 10:20:00,16.7683
2026-06-23 10:40:00,15.5192
2026-06-23 11:00:00,16.1442
2026-06-23 11:20:00,12.81
2026-06-23 11:40:00,17.5842
2026-06-23 12:00:00,16.2367
2026-06-23 12:20:00,15.3713
,
2026-06-24 08:20:00,13.8048
2026-06-24 08:40:00,15.6933
2026-06-24 09:00:00,17.8275
2026-06-24 09:20:00,15.88
2026-06-24 09:40:00,14.6158
2026-06-24 10:00:00,16.45
,
2026-06-24 12:00:00,19.869
2026-06-24 12:20:00,16.4375
2026-06-24 12:40:00,17.5167
2026-06-24 13:00:00,20.8219
,
2026-06-24 14:20:00,1.6933
2026-06-24 14:40:00,14.8458
2026-06-24 15:00:00,13.7507
,
2026-06-25 07:20:00,16.7038
2026-06-25 07:40:00,5.5517
2026-06-25 08:00:00,14.8133
2026-06-25 08:20:00,13.415
2026-06-25 08:40:00,16.1217
2026-06-25 09:00:00,0.5
,
2026-06-25 11:00:00,13.7258
2026-06-25 11:20:00,15.1975
2026-06-25 11:40:00,19.4706
,
2026-06-25 12:00:00,18.7
2026-06-25 12:20:00,10.9958
2026-06-25 12:40:00,13.7025
2026-06-25 13:00:00,16.4983
2026-06-25 13:20:00,9.7045
,
2026-06-26 07:20:00,18.0121
2026-06-26 07:40:00,16.0225
2026-06-26 08:00:00,16.8667
2026-06-26 08:20:00,16.4133
2026-06-26 08:40:00,15.8533
2026-06-26 09:00:00,17.4037
,
2026-06-26 10:00:00,14.6333
2026-06-26 10:20:00,16.5608
2026-06-26 10:40:00,16.1708
2026-06-26 11:00:00,18.3969
,
2026-06-26 12:00:00,15.2453
2026-06-26 12:20:00,16.5983
2026-06-26 12:40:00,17.8833
2026-06-26 13:00:00,14.0698
,
2026-06-27 06:40:00,22.1167
2026-06-27 07:00:00,16.3708
2026-06-27 07:20:00,16.5942
2026-06-27 07:40:00,16.5067
2026-06-27 08:00:00,17.505
2026-06-27 08:20:00,15.3144
,
2026-06-27 09:40:00,16.3
2026-06-27 10:00:00,14.4792
2026-06-27 10:20:00,21.1246
,
2026-06-27 11:00:00,16.25
2026-06-27 11:20:00,15.8508
2026-06-27 11:40:00,15.4595
,
2026-06-28 06:20:00,29.5833
2026-06-28 06:40:00,14.7283
2026-06-28 07:00:00,8.7833
2026-06-28 07:20:00,15.3308
2026-06-28 07:40:00,16.6133
2026-06-28 08:00:00,14.0538
,
2026-06-28 10:00:00,18.4517
2026-06-28 10:20:00,9.575
2026-06-28 10:40:00,18.6082
,
2026-06-28 11:40:00,12.6361
2026-06-28 12:00:00,17.1433
2026-06-28 12:20:00,14.5457
,
2026-06-29 06:00:00,18.8238
2026-06-29 06:20:00,15.4242
2026-06-29 06:40:00,18.045
2026-06-29 07:00:00,13.585
2026-06-29 07:20:00,15.1467
2026-06-29 07:40:00,19.2857
,
2026-06-29 08:40:00,12.2579
2026-06-29 09:00:00,16.8517
2026-06-29 09:20:00,20.8042
,
2026-06-29 10:20:00,16.5154
2026-06-29 10:40:00,14.1814
,
2026-06-30 07:20:00,18.4559
2026-06-30 07:40:00,16.5408
2026-06-30 08:00:00,15.8075
2026-06-30 08:20:00,17.6817
2026-06-30 08:40:00,11.3183
2026-06-30 09:00:00,15.805
,
2026-06-30 10:00:00,17.9462
2026-06-30 10:20:00,16.4183
2026-06-30 10:40:00,22.9104
,
2026-06-30 12:20:00,10.4962
2026-06-30 12:40:00,14.2842
,
2026-07-01 06:20:00,17.8714
2026-07-01 06:40:00,12.1217
2026-07-01 07:00:00,15.6408
2026-07-01 07:20:00,17.6933
2026-07-01 07:40:00,15.7576
,
2026-07-01 08:20:00,22.2882
2026-07-01 08:40:00,13.5825
2026-07-01 09:00:00,18.8045
,
2026-07-01 10:00:00,13.3326
2026-07-01 10:20:00,14.7435
,
2026-07-02 06:00:00,16.0896
2026-07-02 06:20:00,12.5242
2026-07-02 06:40:00,17.2008
2026-07-02 07:00:00,15.8708
2026-07-02 07:20:00,24.8
,
2026-07-02 08:20:00,18.1707
2026-07-02 08:40:00,14.8508
2026-07-02 09:00:00,19.6641
,
2026-07-02 09:20:00,18.4833
2026-07-02 09:40:00,17.0992
2026-07-02 10:00:00,16.4423
,
2026-07-03 06:20:00,16.8192
2026-07-03 06:40:00,11.6367
2026-07-03 07:00:00,18.48
,
2026-07-03 07:40:00,10.56
2026-07-03 08:00:00,17.48
2026-07-03 08:20:00,10.7233
2026-07-03 08:40:00,15.5183
2026-07-03 09:00:00,16.5017
2026-07-03 09:20:00,14.995
2026-07-03 09:40:00,14.0185
